HTS Number,Country,date,landed_duty_paid,customs_value,charges_ins_freight,calculated_duties,kg_total,qty_first_number,qty_second_kilograms,usd_per_kg_landed,usd_per_kg_customs,freight_share,effective_duty_rate,commodity,kg_per_piece,implausible_unit,low_volume,reliable
730630,Brazil,2022-01-01,789535,656161,133374,0,257341.0,0.0,0.0,3.068049786081503,2.5497724808716837,0.16892727998125479,0.0,"7306.30 - tubos soldados, secao circular, aco nao ligado",,False,False,True
730630,Brazil,2022-02-01,17172,16400,772,0,10483.0,0.0,0.0,1.6380807020890966,1.5644376609749118,0.04495690659212672,0.0,"7306.30 - tubos soldados, secao circular, aco nao ligado",,False,False,True
730630,Brazil,2022-04-01,24496,21996,2500,0,8838.0,0.0,0.0,2.7716677981443767,2.488798370672098,0.10205747877204442,0.0,"7306.30 - tubos soldados, secao circular, aco nao ligado",,False,True,False
730630,Brazil,2022-06-01,195733,162914,32819,0,54188.0,0.0,0.0,3.612109692182771,3.006458994611353,0.1676722882702457,0.0,"7306.30 - tubos soldados, secao circular, aco nao ligado",,False,False,True
730630,Brazil,2022-07-01,1340164,1212400,127764,0,353672.0,0.0,0.0,3.789284987219797,3.4280350154945824,0.09533460083989721,0.0,"7306.30 - tubos soldados, secao circular, aco nao ligado",,False,False,True
730630,Brazil,2023-01-01,135282,131782,3500,0,64415.0,0.0,0.0,2.100163005511139,2.045827835131569,0.0258718824381662,0.0,"7306.30 - tubos soldados, secao circular, aco nao ligado",,False,False,True
730630,Brazil,2023-04-01,190182,178182,12000,0,70948.0,0.0,0.0,2.6805829621694763,2.5114450019732764,0.06309745401773038,0.0,"7306.30 - tubos soldados, secao circular, aco nao ligado",,False,False,True
730630,Brazil,2025-01-01,28984,28706,278,0,21913.0,0.0,0.0,1.3226851640578652,1.3099986309496645,0.009591498757935413,0.0,"7306.30 - tubos soldados, secao circular, aco nao ligado",,False,False,True
730630,Brazil,2025-06-01,39319,23057,4733,11529,21613.0,0.0,0.0,1.8192291676305927,1.0668116411419053,0.12037437371245453,0.5000216853883853,"7306.30 - tubos soldados, secao circular, aco nao ligado",,False,False,True
730630,Brazil,2025-07-01,94866,60044,4800,30022,55965.0,0.0,0.0,1.6950951487536854,1.0728848387384973,0.05059768515590412,0.5,"7306.30 - tubos soldados, secao circular, aco nao ligado",,False,False,True
730630,Brazil,2026-03-01,46767,33598,2501,10668,19891.0,0.0,0.0,2.351163842944045,1.6891056256598462,0.05347787970149892,0.3175188999345199,"7306.30 - tubos soldados, secao circular, aco nao ligado",,False,False,True
730630,Brazil,2026-06-01,21233,14023,198,7012,5600.0,0.0,0.0,3.791607142857143,2.504107142857143,0.009325107144539161,0.500035655708479,"7306.30 - tubos soldados, secao circular, aco nao ligado",,False,True,False
730630,Canada,2022-01-01,29078786,28812367,266419,0,12306112.0,0.0,0.0,2.3629547658919403,2.3413054423688,0.009161971204712604,0.0,"7306.30 - tubos soldados, secao circular, aco nao ligado",,False,False,True
730630,Canada,2022-02-01,30694341,30419578,274763,0,13610402.0,0.0,0.0,2.2552119327555498,2.2350242116287236,0.008951584919187546,0.0,"7306.30 - tubos soldados, secao circular, aco nao ligado",,False,False,True
730630,Canada,2022-03-01,38228691,37811483,417208,0,18526037.0,0.0,0.0,2.0635115324448505,2.040991443555899,0.010913478570323007,0.0,"7306.30 - tubos soldados, secao circular, aco nao ligado",,False,False,True
730630,Canada,2022-04-01,33038897,32743397,295500,0,15966832.0,0.0,0.0,2.0692205567140682,2.050713441464155,0.008944003185094224,0.0,"7306.30 - tubos soldados, secao circular, aco nao ligado",,False,False,True
730630,Canada,2022-05-01,38063323,37757950,305373,0,17030228.0,0.0,0.0,2.2350448273505203,2.217113593546722,0.0080227624897595,0.0,"7306.30 - tubos soldados, secao circular, aco nao ligado",,False,False,True
730630,Canada,2022-06-01,32717298,32406929,310369,0,15632838.0,0.0,0.0,2.0928572278430826,2.0730035710726358,0.00948638851533522,0.0,"7306.30 - tubos soldados, secao circular, aco nao ligado",,False,False,True
730630,Canada,2022-07-01,31652012,31355338,296674,0,15591659.0,0.0,0.0,2.0300605599442627,2.011032822100586,0.009372990254142453,0.0,"7306.30 - tubos soldados, secao circular, aco nao ligado",,False,False,True
730630,Canada,2022-08-01,32259511,31984456,275055,0,16534957.0,0.0,0.0,1.9509885027218397,1.9343537452198998,0.008526322671165102,0.0,"7306.30 - tubos soldados, secao circular, aco nao ligado",,False,False,True
730630,Canada,2022-09-01,26775591,26495864,279727,0,14546576.0,0.0,0.0,1.840679964824712,1.821450216188332,0.010447089664612818,0.0,"7306.30 - tubos soldados, secao circular, aco nao ligado",,False,False,True
730630,Canada,2022-10-01,30788233,30457336,330897,0,17666561.0,0.0,0.0,1.742740593372983,1.7240104624776718,0.010747515130212246,0.0,"7306.30 - tubos soldados, secao circular, aco nao ligado",,False,False,True
730630,Canada,2022-11-01,24768261,24519025,249236,0,15182918.0,0.0,0.0,1.631324163115417,1.6149086097942438,0.01006271695861086,0.0,"7306.30 - tubos soldados, secao circular, aco nao ligado",,False,False,True
730630,Canada,2022-12-01,17188237,17012994,175243,0,11170804.0,0.0,0.0,1.5386750139023118,1.5229874232866318,0.010195519179773935,0.0,"7306.30 - tubos soldados, secao circular, aco nao ligado",,False,False,True
730630,Canada,2023-01-01,23150737,22872664,278073,0,15255313.0,0.0,0.0,1.5175524094458108,1.4993244648602098,0.012011410263094432,0.0,"7306.30 - tubos soldados, secao circular, aco nao ligado",,False,False,True
730630,Canada,2023-02-01,22529449,22295701,233748,0,14491238.0,0.0,0.0,1.5546945678485165,1.5385642689741208,0.010375220450353669,0.0,"7306.30 - tubos soldados, secao circular, aco nao ligado",,False,False,True
730630,Canada,2023-03-01,27061505,26760966,300539,0,17656232.0,0.0,0.0,1.5326885713780833,1.515666876148886,0.011105775528744614,0.0,"7306.30 - tubos soldados, secao circular, aco nao ligado",,False,False,True
730630,Canada,2023-04-01,26368450,26086837,281613,0,16432170.0,0.0,0.0,1.6046845912621401,1.5875466843393173,0.01067992240727081,0.0,"7306.30 - tubos soldados, secao circular, aco nao ligado",,False,False,True
730630,Canada,2023-05-01,29242764,28940091,302673,0,17739874.0,0.0,0.0,1.6484200507850282,1.6313583174266062,0.01035035539048224,0.0,"7306.30 - tubos soldados, secao circular, aco nao ligado",,False,False,True
730630,Canada,2023-06-01,28931547,28649265,282282,0,16980698.0,0.0,0.0,1.7037902093306176,1.687166511058615,0.00975689270953952,0.0,"7306.30 - tubos soldados, secao circular, aco nao ligado",,False,False,True
730630,Canada,2023-07-01,19583549,19367585,215964,0,11519471.0,0.0,0.0,1.7000389167176166,1.6812911808189803,0.011027827489287054,0.0,"7306.30 - tubos soldados, secao circular, aco nao ligado",,False,False,True
730630,Canada,2023-08-01,19586967,19381466,205501,0,11909840.0,0.0,0.0,1.6446037058432355,1.6273489820182303,0.01049172135736993,0.0,"7306.30 - tubos soldados, secao circular, aco nao ligado",,False,False,True
730630,Canada,2023-09-01,19575156,19368559,206597,0,12122886.0,0.0,0.0,1.614727384221876,1.5976854851229318,0.010554041050809506,0.0,"7306.30 - tubos soldados, secao circular, aco nao ligado",,False,False,True
730630,Canada,2023-10-01,20710548,20459869,250679,0,14390515.0,0.0,0.0,1.4391804601850593,1.421760722253512,0.012103928877207884,0.0,"7306.30 - tubos soldados, secao circular, aco nao ligado",,False,False,True
730630,Canada,2023-11-01,20163948,19919013,244935,0,13858509.0,0.0,0.0,1.4549868243401942,1.437312845126413,0.012147174749706753,0.0,"7306.30 - tubos soldados, secao circular, aco nao ligado",,False,False,True
730630,Canada,2023-12-01,18870074,18667231,202843,0,12506287.0,0.0,0.0,1.5088470302976416,1.4926277479478922,0.01074945440065577,0.0,"7306.30 - tubos soldados, secao circular, aco nao ligado",,False,False,True
730630,Canada,2024-01-01,23128664,22887034,241630,0,14189512.0,0.0,0.0,1.6299830466333163,1.6129542721412828,0.010447209575096945,0.0,"7306.30 - tubos soldados, secao circular, aco nao ligado",,False,False,True
730630,Canada,2024-02-01,24819251,24536356,282895,0,15785972.0,0.0,0.0,1.57223457636945,1.5543139187121324,0.011398208592193213,0.0,"7306.30 - tubos soldados, secao circular, aco nao ligado",,False,False,True
730630,Canada,2024-03-01,21389999,21160651,229348,0,13831489.0,0.0,0.0,1.5464711716865769,1.529889587447888,0.010722207139888132,0.0,"7306.30 - tubos soldados, secao circular, aco nao ligado",,False,False,True
730630,Canada,2024-04-01,23463813,23203115,260698,0,15463957.0,0.0,0.0,1.5173227007809191,1.5004642731481987,0.01111064088347448,0.0,"7306.30 - tubos soldados, secao circular, aco nao ligado",,False,False,True
730630,Canada,2024-05-01,20908870,20679556,229314,0,13460682.0,0.0,0.0,1.5533291700970278,1.5362933319426162,0.010967307176332342,0.0,"7306.30 - tubos soldados, secao circular, aco nao ligado",,False,False,True
730630,Canada,2024-06-01,17184201,16988683,195518,0,11509196.0,0.0,0.0,1.493084399640079,1.4760964188984182,0.011377776598399891,0.0,"7306.30 - tubos soldados, secao circular, aco nao ligado",,False,False,True
730630,Canada,2024-07-01,16224064,16014327,209737,0,11550806.0,0.0,0.0,1.4045828490236958,1.386425068519028,0.012927525433824718,0.0,"7306.30 - tubos soldados, secao circular, aco nao ligado",,False,False,True
730630,Canada,2024-08-01,16100060,15895595,204465,0,11833740.0,0.0,0.0,1.3605216947473917,1.343243556136944,0.012699642113134983,0.0,"7306.30 - tubos soldados, secao circular, aco nao ligado",,False,False,True
730630,Canada,2024-09-01,17504940,17272846,232094,0,12984087.0,0.0,0.0,1.3481841272320496,1.3303088619168988,0.013258771523924105,0.0,"7306.30 - tubos soldados, secao circular, aco nao ligado",,False,False,True
730630,Canada,2024-10-01,19408801,19136105,272696,0,14793215.0,0.0,0.0,1.3120069572435742,1.293573100911465,0.01405012087042368,0.0,"7306.30 - tubos soldados, secao circular, aco nao ligado",,False,False,True
730630,Canada,2024-11-01,17444305,17188380,255925,0,13717422.0,0.0,0.0,1.2716897533661937,1.253032822056506,0.014670977146982926,0.0,"7306.30 - tubos soldados, secao circular, aco nao ligado",,False,False,True
730630,Canada,2024-12-01,15028278,14795264,233014,0,11903928.0,0.0,0.0,1.262463785063216,1.242889237905337,0.015505036571721658,0.0,"7306.30 - tubos soldados, secao circular, aco nao ligado",,False,False,True
730630,Canada,2025-01-01,20895038,20593069,301969,0,16396765.0,0.0,0.0,1.2743390540756057,1.2559226774305785,0.014451708582678816,0.0,"7306.30 - tubos soldados, secao circular, aco nao ligado",,False,False,True
730630,Canada,2025-02-01,18045147,17780787,264360,0,14367326.0,0.0,0.0,1.255985073353246,1.2375849897190334,0.01464992222008499,0.0,"7306.30 - tubos soldados, secao circular, aco nao ligado",,False,False,True
730630,Canada,2025-03-01,18783186,18491837,258660,32689,15857837.0,0.0,0.0,1.1844733931872298,1.166100837081375,0.013770826738339279,0.0017677529820320176,"7306.30 - tubos soldados, secao circular, aco nao ligado",,False,False,True
730630,Canada,2025-04-01,18266028,14669884,197171,3398973,11200647.0,0.0,0.0,1.6308011492550385,1.3097354108204642,0.010794410257117748,0.23169733312137983,"7306.30 - tubos soldados, secao circular, aco nao ligado",,False,False,True
730630,Canada,2025-05-01,16680301,13451982,156267,3072052,9554760.0,0.0,0.0,1.7457582398720637,1.407882772565716,0.009368356122590354,0.22837170017027975,"7306.30 - tubos soldados, secao circular, aco nao ligado",,False,False,True
730630,Canada,2025-06-01,17963300,12875572,177623,4910105,10028892.0,0.0,0.0,1.7911549949884793,1.2838479066281698,0.009888105192253093,0.38135043631459636,"7306.30 - tubos soldados, secao circular, aco nao ligado",,False,False,True
730630,Canada,2025-07-01,16460053,11180662,140032,5139359,8309237.0,0.0,0.0,1.9809343505306203,1.3455702370747158,0.008507384514497007,0.4596650001583091,"7306.30 - tubos soldados, secao circular, aco nao ligado",,False,False,True
730630,Canada,2025-08-01,14766162,9818664,146014,4801484,8376629.0,0.0,0.0,1.7627809468462792,1.1721497991614527,0.00988841921143761,0.48901602091689866,"7306.30 - tubos soldados, secao circular, aco nao ligado",,False,False,True
730630,Canada,2025-09-01,14371006,9599161,143008,4628837,8503769.0,0.0,0.0,1.6899572413126462,1.12881253006755,0.009951147470121437,0.4822126642109659,"7306.30 - tubos soldados, secao circular, aco nao ligado",,False,False,True
730630,Canada,2025-10-01,13180546,8824778,145201,4210567,7842833.0,0.0,0.0,1.6805848090862066,1.1252028444313427,0.011016311463880176,0.47713007624667725,"7306.30 - tubos soldados, secao circular, aco nao ligado",,False,False,True
730630,Canada,2025-11-01,11808327,7981921,125783,3700623,7432078.0,0.0,0.0,1.5888324907246667,1.0739824043827313,0.010652059347611225,0.46362561092749477,"7306.30 - tubos soldados, secao circular, aco nao ligado",,False,False,True
730630,Canada,2025-12-01,9617058,6485617,93961,3037480,5775051.0,0.0,0.0,1.6652767222315439,1.1230406450090225,0.0097702436649545,0.4683409458190331,"7306.30 - tubos soldados, secao circular, aco nao ligado",,False,False,True
730630,Canada,2026-01-01,13132011,8788785,135976,4207250,7964186.0,0.0,0.0,1.6488830120240787,1.1035383904896243,0.010354545088334147,0.47870666992081384,"7306.30 - tubos soldados, secao circular, aco nao ligado",,False,False,True
730630,Canada,2026-02-01,16530479,11426645,163144,4940690,9750191.0,0.0,0.0,1.6954005311280569,1.1719406317271117,0.009869284489578311,0.4323832586030283,"7306.30 - tubos soldados, secao circular, aco nao ligado",,False,False,True
730630,Canada,2026-03-01,19616681,13282866,193500,6140315,11791327.0,0.0,0.0,1.6636533784535024,1.1264945836885025,0.00986405396509226,0.4622733527538409,"7306.30 - tubos soldados, secao circular, aco nao ligado",,False,False,True
730630,Canada,2026-04-01,18234682,12158611,157847,5918224,10173014.0,0.0,0.0,1.7924561983302096,1.195182764911166,0.008656416382802836,0.4867516527998141,"7306.30 - tubos soldados, secao circular, aco nao ligado",,False,False,True
730630,Canada,2026-05-01,19169652,12745656,180831,6243165,10655008.0,0.0,0.0,1.7991213145968543,1.1962127104925684,0.009433191588454501,0.48982688690170206,"7306.30 - tubos soldados, secao circular, aco nao ligado",,False,False,True
730630,Canada,2026-06-01,17446447,11559525,152334,5734588,9348236.0,0.0,0.0,1.8662822590272645,1.2365461248517902,0.00873151994787248,0.49609201070113174,"7306.30 - tubos soldados, secao circular, aco nao ligado",,False,False,True
730630,India,2022-01-01,12762982,9488519,994572,2279891,5708370.0,0.0,0.0,2.2358364997363522,1.6622116295895326,0.07792630280290296,0.24027890970129268,"7306.30 - tubos soldados, secao circular, aco nao ligado",,False,False,True
730630,India,2022-02-01,8801984,6581861,634142,1585981,3857010.0,0.0,0.0,2.2820744566386915,1.7064671857215823,0.07204534795791494,0.24096239650153656,"7306.30 - tubos soldados, secao circular, aco nao ligado",,False,False,True
730630,India,2022-03-01,12816662,9469000,1010288,2337374,5581409.0,0.0,0.0,2.296312991934474,1.6965250172492286,0.07882614053487562,0.24684486218185658,"7306.30 - tubos soldados, secao circular, aco nao ligado",,False,False,True
730630,India,2022-04-01,10897029,8160272,864442,1872315,5123563.0,0.0,0.0,2.126845907818446,1.5926947711973094,0.07932822790505559,0.22944271955640694,"7306.30 - tubos soldados, secao circular, aco nao ligado",,False,False,True
730630,India,2022-05-01,10770786,8084090,723329,1963367,4972056.0,0.0,0.0,2.16626401633449,1.6259048570651657,0.06715656591821619,0.24286802843610103,"7306.30 - tubos soldados, secao circular, aco nao ligado",,False,False,True
730630,India,2022-06-01,10942110,8325246,641690,1975174,5390055.0,0.0,0.0,2.0300553519398226,1.5445567809604912,0.058644082357059105,0.23725112747419116,"7306.30 - tubos soldados, secao circular, aco nao ligado",,False,False,True
730630,India,2022-07-01,8404784,6323876,632541,1448367,3967922.0,0.0,0.0,2.118182766697531,1.5937500787565884,0.07525963784435151,0.22903153066252405,"7306.30 - tubos soldados, secao circular, aco nao ligado",,False,False,True
730630,India,2022-08-01,9226010,6972178,602714,1651118,4137692.0,0.0,0.0,2.2297478884363553,1.685040355831222,0.06532769853923852,0.23681523908311003,"7306.30 - tubos soldados, secao circular, aco nao ligado",,False,False,True
730630,India,2022-09-01,10400301,7894070,651923,1854308,4611985.0,0.0,0.0,2.2550595893091585,1.711642600745666,0.062683089652886,0.2348988544565731,"7306.30 - tubos soldados, secao circular, aco nao ligado",,False,False,True
730630,India,2022-10-01,8077902,6083204,553005,1441693,3664510.0,0.0,0.0,2.204360746730122,1.660032037025414,0.06845898848488134,0.23699566872983382,"7306.30 - tubos soldados, secao circular, aco nao ligado",,False,False,True
730630,India,2022-11-01,3583908,2487389,536430,560089,1693692.0,0.0,0.0,2.116032903266946,1.4686194420236973,0.1496773912723206,0.22517145488703214,"7306.30 - tubos soldados, secao circular, aco nao ligado",,False,False,True
730630,India,2022-12-01,6183016,4503951,583741,1095324,3250604.0,0.0,0.0,1.902112961160449,1.385573573403589,0.09441039777351377,0.24319181092334263,"7306.30 - tubos soldados, secao circular, aco nao ligado",,False,False,True
730630,India,2023-01-01,4936844,3552066,528633,856145,2581102.0,0.0,0.0,1.912688456326019,1.3761819563891702,0.10707913800800674,0.2410273345146177,"7306.30 - tubos soldados, secao circular, aco nao ligado",,False,False,True
730630,India,2023-02-01,4247848,3103161,420114,724573,2047096.0,0.0,0.0,2.075060475913196,1.5158844529030393,0.09890043146553266,0.23349513608865283,"7306.30 - tubos soldados, secao circular, aco nao ligado",,False,False,True
730630,India,2023-03-01,4114447,3038114,352433,723900,2230330.0,0.0,0.0,1.844770504813189,1.3621813812305803,0.0856574407204662,0.23827282320544918,"7306.30 - tubos soldados, secao circular, aco nao ligado",,False,False,True
730630,India,2023-04-01,6002261,4417029,553738,1031494,3221753.0,0.0,0.0,1.8630419526264117,1.3710017496685811,0.0922549019444506,0.23352665332285572,"7306.30 - tubos soldados, secao circular, aco nao ligado",,False,False,True
730630,India,2023-05-01,7558494,5580955,666039,1311500,4225895.0,0.0,0.0,1.7886137729404068,1.320656334338643,0.08811795048061162,0.23499562350887976,"7306.30 - tubos soldados, secao circular, aco nao ligado",,False,False,True
730630,India,2023-06-01,8804464,6478446,805248,1520770,5001016.0,0.0,0.0,1.7605350592759552,1.2954259694430093,0.09145905985872621,0.23474302324971144,"7306.30 - tubos soldados, secao circular, aco nao ligado",,False,False,True
730630,India,2023-07-01,4991268,3709445,412659,869164,2639730.0,0.0,0.0,1.8908251980316169,1.4052365204017077,0.08267618569069023,0.23431106270614607,"7306.30 - tubos soldados, secao circular, aco nao ligado",,False,False,True
730630,India,2023-08-01,6228128,4536241,566981,1124906,3165741.0,0.0,0.0,1.967352351313642,1.4329160218729202,0.09103554069537427,0.24798197450267745,"7306.30 - tubos soldados, secao circular, aco nao ligado",,False,False,True
730630,India,2023-09-01,5604589,4119442,504786,980361,3064201.0,0.0,0.0,1.8290539687181095,1.344377212852551,0.09006655082112176,0.23798393083335073,"7306.30 - tubos soldados, secao circular, aco nao ligado",,False,False,True
730630,India,2023-10-01,6285772,4612314,605600,1067858,3573599.0,0.0,0.0,1.7589472125999588,1.2906635579425672,0.09634456992713067,0.23152326576204482,"7306.30 - tubos soldados, secao circular, aco nao ligado",,False,False,True
730630,India,2023-11-01,7262363,5393585,625500,1243278,3787614.0,0.0,0.0,1.9173978657804096,1.4240059837142856,0.08612899134895902,0.23051050460871572,"7306.30 - tubos soldados, secao circular, aco nao ligado",,False,False,True
730630,India,2023-12-01,6245013,4636724,546732,1061557,3369988.0,0.0,0.0,1.8531261832386348,1.375887391883888,0.08754697548267713,0.22894547961017306,"7306.30 - tubos soldados, secao circular, aco nao ligado",,False,False,True
730630,India,2024-01-01,6299380,4723644,513919,1061817,3469189.0,0.0,0.0,1.815807671475956,1.3615989212464354,0.08158247319577482,0.22478768510074001,"7306.30 - tubos soldados, secao circular, aco nao ligado",,False,False,True
730630,India,2024-02-01,6009849,4449968,463518,1096363,3150859.0,0.0,0.0,1.907368435083893,1.4123031211488677,0.07712639701929283,0.24637547955401026,"7306.30 - tubos soldados, secao circular, aco nao ligado",,False,False,True
730630,India,2024-03-01,10960324,8025044,960353,1974927,5601666.0,0.0,0.0,1.956618620246191,1.4326173677616623,0.08762085865344857,0.2460954731213935,"7306.30 - tubos soldados, secao circular, aco nao ligado",,False,False,True
730630,India,2024-04-01,7420881,5428637,661955,1330289,3770005.0,0.0,0.0,1.9684008376646716,1.439954854171281,0.08920167295500359,0.24505027689270806,"7306.30 - tubos soldados, secao circular, aco nao ligado",,False,False,True
730630,India,2024-05-01,7765734,5660792,699381,1405561,3947502.0,0.0,0.0,1.9672527081683555,1.4340187794711694,0.09005987070893749,0.24829758804068405,"7306.30 - tubos soldados, secao circular, aco nao ligado",,False,False,True
730630,India,2024-06-01,7335012,5351940,657066,1326006,4022001.0,0.0,0.0,1.823722072669798,1.330666004309795,0.08957940355107803,0.24776174620791713,"7306.30 - tubos soldados, secao circular, aco nao ligado",,False,False,True
730630,India,2024-07-01,8525696,6217785,784386,1523525,4607305.0,0.0,0.0,1.8504735414738116,1.3495492484217997,0.09200257668112961,0.24502696699869808,"7306.30 - tubos soldados, secao circular, aco nao ligado",,False,False,True
730630,India,2024-08-01,7357015,5383434,631082,1342499,4118156.0,0.0,0.0,1.7864828335789125,1.3072438246632716,0.0857796266556477,0.2493759559418765,"7306.30 - tubos soldados, secao circular, aco nao ligado",,False,False,True
730630,India,2024-09-01,8909061,6469849,841454,1597758,4713815.0,0.0,0.0,1.8899895307728454,1.3725292570879426,0.09444923544692309,0.24695444978700432,"7306.30 - tubos soldados, secao circular, aco nao ligado",,False,False,True
730630,India,2024-10-01,7429501,5345204,759833,1324464,3865354.0,0.0,0.0,1.9220751837994656,1.3828497984919363,0.10227241371930632,0.24778549144242204,"7306.30 - tubos soldados, secao circular, aco nao ligado",,False,False,True
730630,India,2024-11-01,7560208,5491818,723496,1344894,4058480.0,0.0,0.0,1.8628176065916304,1.3531711379629812,0.09569789614254,0.24489048981594072,"7306.30 - tubos soldados, secao circular, aco nao ligado",,False,False,True
730630,India,2024-12-01,6401616,4634867,608744,1158005,3427742.0,0.0,0.0,1.8675898010993826,1.3521633191762974,0.09509223920959958,0.2498464357229668,"7306.30 - tubos soldados, secao circular, aco nao ligado",,False,False,True
730630,India,2025-01-01,10708962,7780521,1000137,1928304,6037930.0,0.0,0.0,1.7736147984491373,1.288607353844778,0.09339252487776126,0.2478373877533394,"7306.30 - tubos soldados, secao circular, aco nao ligado",,False,False,True
730630,India,2025-02-01,6614368,4786467,634827,1193074,3797482.0,0.0,0.0,1.7417773145468498,1.2604317808484675,0.09597697013531754,0.24925984029556664,"7306.30 - tubos soldados, secao circular, aco nao ligado",,False,False,True
730630,India,2025-03-01,6679540,4820431,663752,1195357,3793586.0,0.0,0.0,1.7607456375049886,1.2706792464965866,0.0993709147635915,0.24797720369817552,"7306.30 - tubos soldados, secao circular, aco nao ligado",,False,False,True
730630,India,2025-04-01,6304028,4518118,660552,1125358,3515585.0,0.0,0.0,1.7931661444681326,1.285168186802481,0.10478252951922168,0.2490767173411584,"7306.30 - tubos soldados, secao circular, aco nao ligado",,False,False,True
730630,India,2025-05-01,7374758,5278112,774391,1322255,4206006.0,0.0,0.0,1.753387417897169,1.25489882800928,0.10500561509950564,0.25051666201853995,"7306.30 - tubos soldados, secao circular, aco nao ligado",,False,False,True
730630,India,2025-06-01,7485373,4706233,691842,2087298,3885742.0,0.0,0.0,1.9263690178092112,1.211154266032073,0.09242585506427001,0.44351777738161285,"7306.30 - tubos soldados, secao circular, aco nao ligado",,False,False,True
730630,India,2025-07-01,8363067,5037804,813615,2511648,4152581.0,0.0,0.0,2.013944339676938,1.2131741680655959,0.09728667724412587,0.49856008689500425,"7306.30 - tubos soldados, secao circular, aco nao ligado",,False,False,True
730630,India,2025-08-01,8724193,5308221,791999,2623973,4320791.0,0.0,0.0,2.019119415866215,1.2285299150086177,0.09078192103269608,0.4943224858196371,"7306.30 - tubos soldados, secao circular, aco nao ligado",,False,False,True
730630,India,2025-09-01,5662910,3453539,501382,1707989,2631439.0,0.0,0.0,2.1520202444365992,1.3124146142091837,0.08853787187152895,0.4945619551422468,"7306.30 - tubos soldados, secao circular, aco nao ligado",,False,False,True
730630,India,2025-10-01,6583101,3973770,610456,1998875,3044693.0,0.0,0.0,2.162155921795728,1.3051463645103136,0.09273076624526952,0.5030172858519744,"7306.30 - tubos soldados, secao circular, aco nao ligado",,False,False,True
730630,India,2025-11-01,6782596,4078016,661390,2043190,3171278.0,0.0,0.0,2.138757939228286,1.2859219532314732,0.09751281072910727,0.5010254986738649,"7306.30 - tubos soldados, secao circular, aco nao ligado",,False,False,True
730630,India,2025-12-01,7089746,4277827,672938,2138981,3472028.0,0.0,0.0,2.041961067134251,1.2320830937999347,0.09491708165567568,0.5000157790392178,"7306.30 - tubos soldados, secao circular, aco nao ligado",,False,False,True
730630,India,2026-01-01,9357022,5683207,841690,2832125,4637007.0,0.0,0.0,2.017901202219449,1.2256196723446826,0.08995276488609304,0.4983321916657268,"7306.30 - tubos soldados, secao circular, aco nao ligado",,False,False,True
730630,India,2026-02-01,11185182,6885834,1014856,3284492,5832848.0,0.0,0.0,1.9176193173557754,1.1805269055528278,0.09073218477803938,0.47699261992084035,"7306.30 - tubos soldados, secao circular, aco nao ligado",,False,False,True
730630,India,2026-03-01,9765991,5924547,941307,2900137,5336529.0,0.0,0.0,1.8300267833267654,1.110187352115954,0.09638622439852751,0.48951202513879966,"7306.30 - tubos soldados, secao circular, aco nao ligado",,False,False,True
730630,India,2026-04-01,7596402,4569402,754602,2272398,3867527.0,0.0,0.0,1.9641497008294966,1.181479017470337,0.09933676495793667,0.49730752514223964,"7306.30 - tubos soldados, secao circular, aco nao ligado",,False,False,True
730630,India,2026-05-01,10052902,6115480,878017,3059405,5279263.0,0.0,0.0,1.9042245101257504,1.1583965413354098,0.08733965575313477,0.5002722599043739,"7306.30 - tubos soldados, secao circular, aco nao ligado",,False,False,True
730630,India,2026-06-01,10843040,6538717,1034836,3269487,5413190.0,0.0,0.0,2.0030776676968665,1.2079230546128992,0.09543781079844767,0.5000196521733545,"7306.30 - tubos soldados, secao circular, aco nao ligado",,False,False,True
730630,Mexico,2022-01-01,12515063,12385360,129703,0,5076177.0,0.0,0.0,2.4654504758206817,2.4398991603326676,0.010363751265175414,0.0,"7306.30 - tubos soldados, secao circular, aco nao ligado",,False,False,True
730630,Mexico,2022-02-01,14415432,14312014,103418,0,6309191.0,0.0,0.0,2.2848304957006373,2.268438853729424,0.007174117293189688,0.0,"7306.30 - tubos soldados, secao circular, aco nao ligado",,False,False,True
730630,Mexico,2022-03-01,21517585,21393257,124328,0,10779488.0,0.0,0.0,1.9961602072380433,1.9846264497905652,0.005777971830946642,0.0,"7306.30 - tubos soldados, secao circular, aco nao ligado",,False,False,True
730630,Mexico,2022-04-01,18281695,18180557,101138,0,8681530.0,0.0,0.0,2.105814873645544,2.0941650838043526,0.0055322003785754,0.0,"7306.30 - tubos soldados, secao circular, aco nao ligado",,False,False,True
730630,Mexico,2022-05-01,27324033,27218392,105641,0,11342817.0,0.0,0.0,2.408928311194653,2.3996148399467256,0.0038662301425269104,0.0,"7306.30 - tubos soldados, secao circular, aco nao ligado",,False,False,True
730630,Mexico,2022-06-01,20662502,20528663,133839,0,8874140.0,0.0,0.0,2.328394864178388,2.313312952015632,0.006477385942902752,0.0,"7306.30 - tubos soldados, secao circular, aco nao ligado",,False,False,True
730630,Mexico,2022-07-01,18005456,17836708,168748,0,8372624.0,0.0,0.0,2.1505152984297395,2.1303605655765745,0.009372048116970767,0.0,"7306.30 - tubos soldados, secao circular, aco nao ligado",,False,False,True
730630,Mexico,2022-08-01,16398783,16243208,155575,0,8426603.0,0.0,0.0,1.9460728124963287,1.9276104499049023,0.009486984491471106,0.0,"7306.30 - tubos soldados, secao circular, aco nao ligado",,False,False,True
730630,Mexico,2022-09-01,12721432,12512419,209013,0,6723486.0,0.0,0.0,1.8920887170732563,1.8610017184537901,0.016429989957105456,0.0,"7306.30 - tubos soldados, secao circular, aco nao ligado",,False,False,True
730630,Mexico,2022-10-01,13017636,12833058,184578,0,7753352.0,0.0,0.0,1.6789687866615626,1.6551625671064591,0.014179072144896354,0.0,"7306.30 - tubos soldados, secao circular, aco nao ligado",,False,False,True
730630,Mexico,2022-11-01,11598763,11503937,94826,0,6269363.0,0.0,0.0,1.8500704138522526,1.8349451132435624,0.008175526993697517,0.0,"7306.30 - tubos soldados, secao circular, aco nao ligado",,False,False,True
730630,Mexico,2022-12-01,11919017,11799483,119534,0,7257111.0,0.0,0.0,1.6423914419939285,1.625920149216403,0.010028847177581842,0.0,"7306.30 - tubos soldados, secao circular, aco nao ligado",,False,False,True
730630,Mexico,2023-01-01,12437830,12312301,125529,0,7058234.0,0.0,0.0,1.7621730874890233,1.7443883271651237,0.010092516138265277,0.0,"7306.30 - tubos soldados, secao circular, aco nao ligado",,False,False,True
730630,Mexico,2023-02-01,12053746,11927380,126366,0,6503842.0,0.0,0.0,1.8533270027162407,1.833897563932211,0.010483545944970135,0.0,"7306.30 - tubos soldados, secao circular, aco nao ligado",,False,False,True
730630,Mexico,2023-03-01,15440936,15286740,154196,0,8067511.0,0.0,0.0,1.9139652861954572,1.8948520801521065,0.009986182184810559,0.0,"7306.30 - tubos soldados, secao circular, aco nao ligado",,False,False,True
730630,Mexico,2023-04-01,12755264,12631754,123510,0,6004024.0,0.0,0.0,2.1244525338339755,2.1038813302545094,0.009683061048364033,0.0,"7306.30 - tubos soldados, secao circular, aco nao ligado",,False,False,True
730630,Mexico,2023-05-01,14470485,14360540,109945,0,6398676.0,0.0,0.0,2.261481125157767,2.244298664286174,0.007597879407635611,0.0,"7306.30 - tubos soldados, secao circular, aco nao ligado",,False,False,True
730630,Mexico,2023-06-01,18047779,17868891,178888,0,8594935.0,0.0,0.0,2.0998156472387515,2.07900245900638,0.009911912152736357,0.0,"7306.30 - tubos soldados, secao circular, aco nao ligado",,False,False,True
730630,Mexico,2023-07-01,23449310,23317737,131573,0,10682707.0,0.0,0.0,2.1950719045275697,2.1827554570203977,0.005610954011013544,0.0,"7306.30 - tubos soldados, secao circular, aco nao ligado",,False,False,True
730630,Mexico,2023-08-01,26483002,26324967,158035,0,12422831.0,0.0,0.0,2.1318008753399287,2.119079539921295,0.005967412606773205,0.0,"7306.30 - tubos soldados, secao circular, aco nao ligado",,False,False,True
730630,Mexico,2023-09-01,22407348,22245937,161411,0,10445371.0,0.0,0.0,2.145194076878648,2.1297412030649747,0.007203485213868236,0.0,"7306.30 - tubos soldados, secao circular, aco nao ligado",,False,False,True
730630,Mexico,2023-10-01,28439270,28303786,135484,0,13368658.0,0.0,0.0,2.1273092632035318,2.1171748129094183,0.004763976009229492,0.0,"7306.30 - tubos soldados, secao circular, aco nao ligado",,False,False,True
730630,Mexico,2023-11-01,27382441,27248907,133534,0,12564011.0,0.0,0.0,2.1794346566554266,2.1688063628724934,0.00487662878557832,0.0,"7306.30 - tubos soldados, secao circular, aco nao ligado",,False,False,True
730630,Mexico,2023-12-01,24147450,24005632,141818,0,10916636.0,0.0,0.0,2.2119863664960526,2.1989953681701944,0.005873001082930081,0.0,"7306.30 - tubos soldados, secao circular, aco nao ligado",,False,False,True
730630,Mexico,2024-01-01,26566042,26435431,130611,0,11204339.0,0.0,0.0,2.371049465747154,2.3593922854351335,0.004916464409715229,0.0,"7306.30 - tubos soldados, secao circular, aco nao ligado",,False,False,True
730630,Mexico,2024-02-01,28321293,28180269,141024,0,11278629.0,0.0,0.0,2.5110581259477547,2.498554478562953,0.004979433672043151,0.0,"7306.30 - tubos soldados, secao circular, aco nao ligado",,False,False,True
730630,Mexico,2024-03-01,28839195,28729472,109723,0,12253891.0,0.0,0.0,2.3534724602985286,2.344518324832496,0.0038046485000708236,0.0,"7306.30 - tubos soldados, secao circular, aco nao ligado",,False,False,True
730630,Mexico,2024-04-01,31200757,31034151,166606,0,14279456.0,0.0,0.0,2.1850101992680955,2.173342667955978,0.005339806338673129,0.0,"7306.30 - tubos soldados, secao circular, aco nao ligado",,False,False,True
730630,Mexico,2024-05-01,33698138,33539724,158414,0,14625152.0,0.0,0.0,2.3041222409175646,2.2932906269965603,0.00470097190533198,0.0,"7306.30 - tubos soldados, secao circular, aco nao ligado",,False,False,True
730630,Mexico,2024-06-01,30296346,30139104,157242,0,12720367.0,0.0,0.0,2.3817194896971134,2.3693580538989165,0.005190130849443032,0.0,"7306.30 - tubos soldados, secao circular, aco nao ligado",,False,False,True
730630,Mexico,2024-07-01,31579151,31417228,125138,36785,13179314.0,0.0,0.0,2.396114926770847,2.3838287789485855,0.003962677780666111,0.0011708544114713113,"7306.30 - tubos soldados, secao circular, aco nao ligado",,False,False,True
730630,Mexico,2024-08-01,32285683,32032608,160965,92110,14906715.0,0.0,0.0,2.1658482771019636,2.148871028928909,0.004985646424144102,0.002875507358002196,"7306.30 - tubos soldados, secao circular, aco nao ligado",,False,False,True
730630,Mexico,2024-09-01,24475370,24255173,168239,51958,11779945.0,0.0,0.0,2.077715133644512,2.059022601548649,0.006873808240692582,0.0021421409775143636,"7306.30 - tubos soldados, secao circular, aco nao ligado",,False,False,True
730630,Mexico,2024-10-01,25959181,25724269,188894,46018,12938942.0,0.0,0.0,2.0062831257764353,1.9881277000855249,0.007276577793421141,0.0017888943705261363,"7306.30 - tubos soldados, secao circular, aco nao ligado",,False,False,True
730630,Mexico,2024-11-01,20641587,20369730,185027,86830,10706272.0,0.0,0.0,1.9279901538089075,1.902597841713717,0.008963797211910112,0.004262697640076722,"7306.30 - tubos soldados, secao circular, aco nao ligado",,False,False,True
730630,Mexico,2024-12-01,27936144,27512055,137184,286905,12956314.0,0.0,0.0,2.156179913515526,2.1234476873592287,0.004910627608448754,0.010428337686879443,"7306.30 - tubos soldados, secao circular, aco nao ligado",,False,False,True
730630,Mexico,2025-01-01,30793384,30344038,164334,285012,15025537.0,0.0,0.0,2.0494032259878634,2.01949773908247,0.0053366658240614285,0.009392685311032104,"7306.30 - tubos soldados, secao circular, aco nao ligado",,False,False,True
730630,Mexico,2025-02-01,26593408,26033274,275477,284657,14651937.0,0.0,0.0,1.8150097150977376,1.77678036699175,0.010358845319862727,0.010934352705695026,"7306.30 - tubos soldados, secao circular, aco nao ligado",,False,False,True
730630,Mexico,2025-03-01,16905325,16365638,246341,293346,8900828.0,0.0,0.0,1.8992980203639482,1.838664672545071,0.01457179912246585,0.017924507434418382,"7306.30 - tubos soldados, secao circular, aco nao ligado",,False,False,True
730630,Mexico,2025-04-01,17989645,14710273,257770,3021602,9243994.0,0.0,0.0,1.9460900775141134,1.5913330320205747,0.014328798594969496,0.20540760868272126,"7306.30 - tubos soldados, secao circular, aco nao ligado",,False,False,True
730630,Mexico,2025-05-01,19845473,15946643,434722,3464108,9104660.0,0.0,0.0,2.1797050082045897,1.7514814391751037,0.021905348388521654,0.2172311752385753,"7306.30 - tubos soldados, secao circular, aco nao ligado",,False,False,True
730630,Mexico,2025-06-01,16830389,11731691,198688,4900010,6523371.0,0.0,0.0,2.580014075544684,1.7984092886944496,0.011805312402464376,0.41767295098379253,"7306.30 - tubos soldados, secao circular, aco nao ligado",,False,False,True
730630,Mexico,2025-07-01,24584537,16615775,409344,7559418,9750083.0,0.0,0.0,2.521469509541611,1.7041675440096253,0.016650466103957946,0.45495428290284384,"7306.30 - tubos soldados, secao circular, aco nao ligado",,False,False,True
730630,Mexico,2025-08-01,22007837,14803771,456588,6747478,8796505.0,0.0,0.0,2.5018842142419064,1.6829150895725065,0.020746609491882367,0.4557945404586439,"7306.30 - tubos soldados, secao circular, aco nao ligado",,False,False,True
730630,Mexico,2025-09-01,21292092,14355319,536044,6400729,9128339.0,0.0,0.0,2.332526432245779,1.5726101977588693,0.025175731910232212,0.44587856250355706,"7306.30 - tubos soldados, secao circular, aco nao ligado",,False,False,True
730630,Mexico,2025-10-01,25112488,16988814,653595,7470079,10805933.0,0.0,0.0,2.3239537021005034,1.5721746562744745,0.026026692377115322,0.43970573814040226,"7306.30 - tubos soldados, secao circular, aco nao ligado",,False,False,True
730630,Mexico,2025-11-01,20787013,14354012,297384,6135617,9012318.0,0.0,0.0,2.3065112660250113,1.5927103326802272,0.014306240151001974,0.42744962175035106,"7306.30 - tubos soldados, secao circular, aco nao ligado",,False,False,True
730630,Mexico,2025-12-01,20844571,14325531,332524,6186516,9166456.0,0.0,0.0,2.274005460780044,1.5628211164707495,0.01595254706849088,0.43185247374076396,"7306.30 - tubos soldados, secao circular, aco nao ligado",,False,False,True
730630,Mexico,2026-01-01,22596912,15715248,417395,6464269,10156097.0,0.0,0.0,2.224960238170234,1.5473708059306641,0.01847132917984546,0.41133738392165364,"7306.30 - tubos soldados, secao circular, aco nao ligado",,False,False,True
730630,Mexico,2026-02-01,22211177,14943782,428883,6838512,9392355.0,0.0,0.0,2.364814468788712,1.5910580466773243,0.01930933241403641,0.4576158833152143,"7306.30 - tubos soldados, secao circular, aco nao ligado",,False,False,True
730630,Mexico,2026-03-01,28361752,19854525,484250,8022977,13140627.0,0.0,0.0,2.1583256263190487,1.5109267617138817,0.01707405099656749,0.4040880857134583,"7306.30 - tubos soldados, secao circular, aco nao ligado",,False,False,True
730630,Mexico,2026-04-01,30439135,20908538,594331,8936266,13129178.0,0.0,0.0,2.318434177676622,1.5925245281920926,0.01952522632459825,0.4273979366706558,"7306.30 - tubos soldados, secao circular, aco nao ligado",,False,False,True
730630,Mexico,2026-05-01,25125900,17302463,376204,7447233,10635032.0,0.0,0.0,2.362559886984825,1.626930976794428,0.014972757194767152,0.4304146178494935,"7306.30 - tubos soldados, secao circular, aco nao ligado",,False,False,True
730630,Mexico,2026-06-01,24309135,16189253,379064,7740818,9205348.0,0.0,0.0,2.64076219606255,1.7586790852447947,0.015593479570540046,0.4781454709491537,"7306.30 - tubos soldados, secao circular, aco nao ligado",,False,False,True
848210,Brazil,2022-01-01,379702,290613,62937,26152,19659.0,137559.0,19659.0,19.314410702477236,14.782694948878376,0.16575366998330268,0.08998909202272438,8482.10 - rolamentos de esferas,0.14291322268990034,False,False,True
848210,Brazil,2022-02-01,350981,307296,16026,27659,21506.0,177279.0,21506.0,16.32014321584674,14.288849623360923,0.04566059131405974,0.09000767989170051,8482.10 - rolamentos de esferas,0.12131160487141737,False,False,True
848210,Brazil,2022-03-01,263808,216677,27630,19501,14694.0,93037.0,14694.0,17.953450387913435,14.745950728188376,0.10473526200873362,0.09000032306151552,8482.10 - rolamentos de esferas,0.15793716478390318,False,False,True
848210,Brazil,2022-04-01,200964,175012,10199,15753,13776.0,78437.0,13776.0,14.587979094076655,12.704123112659698,0.050750383153201566,0.09001097067629649,8482.10 - rolamentos de esferas,0.1756313984471614,False,False,True
848210,Brazil,2022-05-01,366229,325764,11146,29319,22070.0,134602.0,22070.0,16.593973719981875,14.760489352061622,0.030434509555496696,0.09000073672965705,8482.10 - rolamentos de esferas,0.16396487422177977,False,False,True
848210,Brazil,2022-06-01,503997,421615,44440,37942,26983.0,146966.0,26983.0,18.678315976726086,15.625208464588814,0.08817512802655571,0.08999205436239223,8482.10 - rolamentos de esferas,0.18360028850210253,False,False,True
848210,Brazil,2022-07-01,826376,717485,45110,63781,45922.0,291002.0,45922.0,17.99520926788903,15.623992857453944,0.05458774214159172,0.08889523822797689,8482.10 - rolamentos de esferas,0.15780647555686902,False,False,True
848210,Brazil,2022-08-01,471212,404385,30428,36399,25961.0,105857.0,25961.0,18.150764608451137,15.576634182042294,0.06457390728589255,0.09001075707555918,8482.10 - rolamentos de esferas,0.2452459450012753,False,False,True
848210,Brazil,2022-09-01,563945,479627,41559,42759,30301.0,209922.0,30301.0,18.61143196594172,15.828751526352265,0.07369335662165637,0.08915052738899186,8482.10 - rolamentos de esferas,0.14434408970951115,False,False,True
848210,Brazil,2022-10-01,878650,767321,42627,68702,41572.0,138700.0,41572.0,21.135620128932935,18.457639757529105,0.04851419791725943,0.08953488826710074,8482.10 - rolamentos de esferas,0.2997260273972603,False,False,True
848210,Brazil,2022-11-01,425760,369217,23313,33230,20438.0,110904.0,20438.0,20.831783931891575,18.065221645953617,0.05475620067643743,0.09000127296413762,8482.10 - rolamentos de esferas,0.18428550818726105,False,False,True
848210,Brazil,2022-12-01,518151,446035,31973,40143,27593.0,126378.0,27593.0,18.778349581415576,16.164788170912914,0.06170595058197321,0.08999966370352103,8482.10 - rolamentos de esferas,0.21833705233505832,False,False,True
848210,Brazil,2023-01-01,630374,538514,43530,48330,31727.0,203483.0,31727.0,19.868692281022472,16.973366533236675,0.06905424398848937,0.08974697036660143,8482.10 - rolamentos de esferas,0.15591965913614406,False,False,True
848210,Brazil,2023-02-01,349422,296375,26367,26680,18085.0,64491.0,18085.0,19.32109482996959,16.38789051700304,0.07545890069886842,0.09002108814846056,8482.10 - rolamentos de esferas,0.28042672620985876,False,False,True
848210,Brazil,2023-03-01,444435,377697,32929,33809,19155.0,118713.0,19155.0,23.20203602192639,19.717932654659357,0.07409182445126959,0.08951355186829654,8482.10 - rolamentos de esferas,0.16135553814662254,False,False,True
848210,Brazil,2023-04-01,782187,658110,64847,59230,38024.0,255025.0,38024.0,20.570876288659793,17.30775299810646,0.08290472738616213,0.09000015195028187,8482.10 - rolamentos de esferas,0.14909910793059503,False,False,True
848210,Brazil,2023-05-01,274955,248832,3732,22391,12156.0,42089.0,12156.0,22.618871339256334,20.469891411648568,0.013573130148569767,0.08998440715020577,8482.10 - rolamentos de esferas,0.2888165553945211,False,False,True
848210,Brazil,2023-06-01,833934,697358,74007,62569,51164.0,255084.0,51164.0,16.299233836291144,13.629856930654366,0.08874443301268446,0.08972292567088927,8482.10 - rolamentos de esferas,0.20057706481002335,False,False,True
848210,Brazil,2023-07-01,487704,423343,26259,38102,19958.0,104056.0,19958.0,24.43651668503858,21.211694558573004,0.05384208454308351,0.09000266923038765,8482.10 - rolamentos de esferas,0.19180056892442532,False,False,True
848210,Brazil,2023-08-01,836072,747870,20890,67312,50886.0,255632.0,50886.0,16.430295169594782,14.696969696969697,0.02498588638299094,0.09000494738390362,8482.10 - rolamentos de esferas,0.19905958565437817,False,False,True
848210,Brazil,2023-09-01,344941,296962,21246,26733,18395.0,87530.0,18395.0,18.751889100298996,16.1436259853221,0.061593142015591074,0.09002161892767425,8482.10 - rolamentos de esferas,0.21015651776533759,False,False,True
848210,Brazil,2023-10-01,488146,436979,12108,39059,21951.0,75167.0,21951.0,22.23798460206824,19.907020181312923,0.024804054524670896,0.08938415804878495,8482.10 - rolamentos de esferas,0.29202974709646523,False,False,True
848210,Brazil,2023-11-01,504419,442230,22382,39807,24521.0,139321.0,24521.0,20.570898413604667,18.034745728151382,0.044371841663379055,0.09001424598059833,8482.10 - rolamentos de esferas,0.1760036175450937,False,False,True
848210,Brazil,2023-12-01,671354,587509,30962,52883,31519.0,220565.0,31519.0,21.29997779117358,18.639836289222373,0.046118739145071,0.09001223811039491,8482.10 - rolamentos de esferas,0.142901185591549,False,False,True
848210,Brazil,2024-01-01,480086,416368,26247,37471,22595.0,75720.0,22595.0,21.247444124806375,18.427439699048463,0.054671454697699996,0.0899949083503055,8482.10 - rolamentos de esferas,0.29840200739566825,False,False,True
848210,Brazil,2024-02-01,226559,200283,8404,17872,14028.0,64021.0,14028.0,16.15048474479612,14.277373823781009,0.037094090281118826,0.0892337342660136,8482.10 - rolamentos de esferas,0.2191156026928664,False,False,True
848210,Brazil,2024-03-01,485983,431761,16929,37293,21684.0,121912.0,21684.0,22.41205497140749,19.911501567976387,0.03483455182588691,0.08637417460122614,8482.10 - rolamentos de esferas,0.1778660017061487,False,False,True
848210,Brazil,2024-04-01,287130,250138,14626,22366,13417.0,52647.0,13417.0,21.40046210032049,18.643362897816203,0.05093859924076202,0.08941464311699941,8482.10 - rolamentos de esferas,0.2548483294394742,False,False,True
848210,Brazil,2024-05-01,118437,108463,215,9759,4449.0,10614.0,4449.0,26.621038435603506,24.379186334007642,0.001815311093661609,0.08997538331043767,8482.10 - rolamentos de esferas,0.4191633691351046,False,True,False
848210,Brazil,2024-06-01,297995,271151,2438,24406,14062.0,35293.0,14062.0,21.19150903143223,19.282534490115204,0.008181345324585983,0.09000888803655528,8482.10 - rolamentos de esferas,0.39843595047176494,False,False,True
848210,Brazil,2024-07-01,497126,442057,15287,39782,26108.0,150409.0,26108.0,19.041136816301517,16.931859966293857,0.030750755341704114,0.08999291946513685,8482.10 - rolamentos de esferas,0.1735800384285515,False,False,True
848210,Brazil,2024-08-01,244839,218214,7147,19478,9708.0,120719.0,9708.0,25.22033374536465,22.477750309023484,0.029190610972925066,0.08926100066906797,8482.10 - rolamentos de esferas,0.08041816118423778,False,True,False
848210,Brazil,2024-09-01,210631,190539,2946,17146,9997.0,39339.0,9997.0,21.069420826247875,19.05961788536561,0.013986545190404072,0.08998682684384825,8482.10 - rolamentos de esferas,0.2541244058059432,False,True,False
848210,Brazil,2024-10-01,622032,555348,16702,49982,26469.0,111233.0,26469.0,23.500396690468094,20.981072197665192,0.026850708645214393,0.09000122445745731,8482.10 - rolamentos de esferas,0.237959957926155,False,False,True
848210,Brazil,2024-11-01,427551,387029,6290,34232,18763.0,37038.0,18763.0,22.786921068059478,20.62724511005703,0.014711695212968745,0.08844815246402725,8482.10 - rolamentos de esferas,0.5065878287164534,False,False,True
848210,Brazil,2024-12-01,392603,351864,9530,31209,16430.0,39773.0,16430.0,23.895496043822277,21.41594643944005,0.024273884814940284,0.08869620080485642,8482.10 - rolamentos de esferas,0.4130943102104443,False,False,True
848210,Brazil,2025-01-01,405181,354382,18907,31892,21318.0,79552.0,21318.0,19.00652031147387,16.62360446570973,0.0466630962458753,0.08999328408327736,8482.10 - rolamentos de esferas,0.26797566371681414,False,False,True
848210,Brazil,2025-02-01,541994,494486,3019,44489,25582.0,75544.0,25582.0,21.186537409115786,19.32945039480885,0.0055701723635316995,0.08997019126931805,8482.10 - rolamentos de esferas,0.3386370856719263,False,False,True
848210,Brazil,2025-03-01,268547,244165,2402,21980,14512.0,30534.0,14512.0,18.505168136714442,16.825041345093716,0.008944430583845659,0.09002109229414536,8482.10 - rolamentos de esferas,0.4752734656448549,False,False,True
848210,Brazil,2025-04-01,223900,201194,3501,19205,13435.0,41158.0,13435.0,16.665426125790844,14.975362858206179,0.015636444841447075,0.09545513285684464,8482.10 - rolamentos de esferas,0.32642499635550803,False,False,True
848210,Brazil,2025-05-01,480182,389030,16017,75135,20836.0,99434.0,20836.0,23.04578613937416,18.671050105586485,0.0333561024778105,0.19313420558825797,8482.10 - rolamentos de esferas,0.20954603053281573,False,False,True
848210,Brazil,2025-06-01,343722,284320,5401,54001,15477.0,77826.0,15477.0,22.208567551851132,18.370485236156878,0.015713279918073326,0.18993036015756892,8482.10 - rolamentos de esferas,0.1988667026443605,False,False,True
848210,Brazil,2025-07-01,537823,439983,14241,83599,19212.0,89754.0,19212.0,27.994118259421196,22.901467832604624,0.026478971706304862,0.19000506837764186,8482.10 - rolamentos de esferas,0.21405174142656594,False,False,True
848210,Brazil,2025-08-01,316727,203872,8608,104247,17468.0,68761.0,17468.0,18.131841080833524,11.671170139683994,0.02717797977437983,0.5113355438706639,8482.10 - rolamentos de esferas,0.25403935370340747,False,False,True
848210,Brazil,2025-09-01,151103,94978,4850,51275,6302.0,53926.0,6302.0,23.976991431291655,15.071088543319581,0.03209731110566964,0.5398618627471625,8482.10 - rolamentos de esferas,0.11686385046174387,False,True,False
848210,Brazil,2025-10-01,361109,223898,5112,132099,14795.0,83829.0,14795.0,24.40750253464008,15.133355863467388,0.014156390452744185,0.5899963376180225,8482.10 - rolamentos de esferas,0.176490236075821,False,False,True
848210,Brazil,2025-11-01,195014,119184,5511,70319,8111.0,51383.0,8111.0,24.043151276044878,14.694119097521884,0.028259509573671633,0.5900036917707074,8482.10 - rolamentos de esferas,0.1578537648638655,False,True,False
848210,Brazil,2025-12-01,630435,397887,6594,225954,53523.0,108556.0,53523.0,11.778768006277675,7.4339442856342135,0.010459444669157011,0.5678848517292598,8482.10 - rolamentos de esferas,0.49304506429861084,False,False,True
848210,Brazil,2026-01-01,198013,124442,559,73012,8700.0,34783.0,8700.0,22.760114942528734,14.30367816091954,0.0028230469716634767,0.5867150961893894,8482.10 - rolamentos de esferas,0.2501221861254061,False,True,False
848210,Brazil,2026-02-01,488598,305667,4048,178883,18350.0,86825.0,18350.0,26.62659400544959,16.657602179836513,0.008284929533072178,0.5852218263666016,8482.10 - rolamentos de esferas,0.2113446587964296,False,False,True
848210,Brazil,2026-03-01,693818,454768,5090,233960,24823.0,169054.0,24823.0,27.9506103210732,18.320428634733915,0.007336217855403002,0.5144601203250888,8482.10 - rolamentos de esferas,0.14683473919575993,False,False,True
848210,Brazil,2026-04-01,391672,293258,671,97743,13380.0,64619.0,13380.0,29.272944693572498,21.91763826606876,0.001713168161114402,0.33330037032237825,8482.10 - rolamentos de esferas,0.2070598430802086,False,False,True
848210,Brazil,2026-05-01,402913,303040,9141,90732,14569.0,125279.0,14569.0,27.655501407097262,20.80032946667582,0.022687279884243,0.2994060190073918,8482.10 - rolamentos de esferas,0.11629243528444512,False,False,True
848210,Brazil,2026-06-01,498033,379187,2764,116082,20525.0,105717.0,20525.0,24.264701583434835,18.474397076735688,0.005549833043191917,0.30613391281874114,8482.10 - rolamentos de esferas,0.19415042046217731,False,False,True
848210,Canada,2022-01-01,3754518,3601930,65723,86865,215081.0,1107691.0,215081.0,17.456297859876045,16.746853511002833,0.017505043257217037,0.024116237683686245,8482.10 - rolamentos de esferas,0.19417057645137498,False,False,True
848210,Canada,2022-02-01,4397368,4207980,84204,105184,253562.0,1252010.0,253562.0,17.34237780109007,16.59546777513981,0.019148727147693802,0.02499631652241693,8482.10 - rolamentos de esferas,0.20252394150206468,False,False,True
848210,Canada,2022-03-01,6509767,6212138,101615,196014,426201.0,2378525.0,426201.0,15.273936475981989,14.57560634536287,0.015609621665414446,0.0315533878996249,8482.10 - rolamentos de esferas,0.1791871012497241,False,False,True
848210,Canada,2022-04-01,5347757,5099837,56537,191383,299285.0,2016967.0,299285.0,17.86844312277595,17.0400688307132,0.010572095927320557,0.03752727783260524,8482.10 - rolamentos de esferas,0.1483836869914084,False,False,True
848210,Canada,2022-05-01,7472262,7166265,85161,220836,329311.0,2010577.0,329311.0,22.69059339044247,21.76138968938177,0.011396950481661377,0.030816052713652092,8482.10 - rolamentos de esferas,0.16378930028544045,False,False,True
848210,Canada,2022-06-01,5098597,4870370,78471,149756,295621.0,1756069.0,295621.0,17.247073110502974,16.475047442502394,0.015390704540876637,0.030748382566416925,8482.10 - rolamentos de esferas,0.16834247401440378,False,False,True
848210,Canada,2022-07-01,4137558,3942557,53597,141404,233572.0,1076955.0,233572.0,17.71427225866114,16.879407634476735,0.012953776116250213,0.03586606357244803,8482.10 - rolamentos de esferas,0.21688185671639018,False,False,True
848210,Canada,2022-08-01,5237665,4953156,99075,185434,281109.0,1610651.0,281109.0,18.632149806658628,17.620054854166888,0.018915871862748,0.03743754487038163,8482.10 - rolamentos de esferas,0.1745312920055307,False,False,True
848210,Canada,2022-09-01,4766907,4558506,55839,152562,253955.0,934938.0,253955.0,18.770675907148906,17.95005414345061,0.011713884915313012,0.03346754397164334,8482.10 - rolamentos de esferas,0.27162763734065787,False,False,True
848210,Canada,2022-10-01,4523116,4304790,58115,160211,237700.0,1214941.0,237700.0,19.02867480016828,18.110180900294488,0.012848443418209924,0.03721691418164417,8482.10 - rolamentos de esferas,0.19564736065372723,False,False,True
848210,Canada,2022-11-01,4118485,3917591,39940,160954,211403.0,1339798.0,211403.0,19.48167717582059,18.53138791786304,0.00969774079546241,0.041084942251500986,8482.10 - rolamentos de esferas,0.15778721867027717,False,False,True
848210,Canada,2022-12-01,4301410,4123729,34758,142923,232642.0,956530.0,232642.0,18.48939572390196,17.72564283319435,0.008080606126828179,0.03465867907420687,8482.10 - rolamentos de esferas,0.2432145358744629,False,False,True
848210,Canada,2023-01-01,5906888,5712161,36659,158068,244907.0,995991.0,244907.0,24.118902277190934,23.32379637985031,0.006206144419870497,0.02767218921175366,8482.10 - rolamentos de esferas,0.2458927841717445,False,False,True
848210,Canada,2023-02-01,7114883,6823568,61653,229662,284336.0,1152647.0,284336.0,25.022800489561646,23.99825558494176,0.00866535683018259,0.033657171731856415,8482.10 - rolamentos de esferas,0.24668090057059966,False,False,True
848210,Canada,2023-03-01,6084411,5809056,98948,176407,337271.0,1570893.0,337271.0,18.040125003335596,17.2237043801572,0.01626254373677255,0.030367584681573048,8482.10 - rolamentos de esferas,0.21470017372284428,False,False,True
848210,Canada,2023-04-01,5969297,5752326,60144,156827,306914.0,1513876.0,306914.0,19.449412539017445,18.742468574258588,0.01007555831113781,0.02726323229942114,8482.10 - rolamentos de esferas,0.20273390951438558,False,False,True
848210,Canada,2023-05-01,6112162,5914171,79330,118661,321290.0,1492129.0,321290.0,19.02381648977559,18.407578822870303,0.012979040804219522,0.020063843267298157,8482.10 - rolamentos de esferas,0.21532320596945706,False,False,True
848210,Canada,2023-06-01,5417842,5174959,68285,174598,283357.0,1493824.0,283357.0,19.120198195209575,18.263035675843547,0.01260372672366599,0.0337390112655965,8482.10 - rolamentos de esferas,0.1896856657812433,False,False,True
848210,Canada,2023-07-01,5440934,5229444,36645,174845,279377.0,1175154.0,279377.0,19.4752395508578,18.718233784456128,0.0067350568854538575,0.03343472078484826,8482.10 - rolamentos de esferas,0.23773650091817752,False,False,True
848210,Canada,2023-08-01,7718179,7424908,79750,213521,306649.0,1462527.0,306649.0,25.169424977743283,24.213051404048276,0.01033274817803526,0.028757393357601198,8482.10 - rolamentos de esferas,0.2096706590715932,False,False,True
848210,Canada,2023-09-01,6449528,6192268,97982,159278,275795.0,1152824.0,275795.0,23.385224532714517,22.452430247103827,0.01519211948533288,0.025722077920400085,8482.10 - rolamentos de esferas,0.2392342629924429,False,False,True
848210,Canada,2023-10-01,6456921,6196353,94839,165729,262977.0,1382974.0,262977.0,24.55317765431958,23.562338151245164,0.014687960407135228,0.026746216685847306,8482.10 - rolamentos de esferas,0.19015324944648274,False,False,True
848210,Canada,2023-11-01,6365723,6195007,43021,127695,278608.0,1282527.0,278608.0,22.848313759834607,22.23556753574915,0.0067582268345638035,0.020612567507994745,8482.10 - rolamentos de esferas,0.21723363328803214,False,False,True
848210,Canada,2023-12-01,3851769,3746888,39876,65005,187799.0,822832.0,187799.0,20.51006128893125,19.951586536669524,0.010352645758351552,0.017349064076641735,8482.10 - rolamentos de esferas,0.2282349252338266,False,False,True
848210,Canada,2024-01-01,5818342,5635031,65217,118094,245626.0,1049637.0,245626.0,23.68780992240235,22.941508635079348,0.011208863280982796,0.020957116296254626,8482.10 - rolamentos de esferas,0.23401042455629897,False,False,True
848210,Canada,2024-02-01,6037982,5779384,97627,160971,259692.0,1156042.0,259692.0,23.2505506523112,22.254763335027647,0.016168812692717534,0.02785262235560053,8482.10 - rolamentos de esferas,0.22463889720269678,False,False,True
848210,Canada,2024-03-01,7651535,7400257,63883,187395,256740.0,1283151.0,256740.0,29.80266027888136,28.823934719950145,0.008349043688619343,0.025322769195718475,8482.10 - rolamentos de esferas,0.20008557059925136,False,False,True
848210,Canada,2024-04-01,8285743,8067976,76723,141044,263241.0,1259431.0,263241.0,31.47588331604879,30.648629962657793,0.009259640324349911,0.017481955821385686,8482.10 - rolamentos de esferas,0.20901581746042458,False,False,True
848210,Canada,2024-05-01,9170997,8914313,77153,179531,282893.0,1494003.0,282893.0,32.418607035168776,31.511253371416046,0.00841271674170213,0.02013963386746685,8482.10 - rolamentos de esferas,0.18935236408494494,False,False,True
848210,Canada,2024-06-01,7824613,7570903,63894,189816,265954.0,1589655.0,265954.0,29.42092617520323,28.466964211856187,0.00816577126562042,0.02507177809569083,8482.10 - rolamentos de esferas,0.16730296825411803,False,False,True
848210,Canada,2024-07-01,6905282,6603623,67216,234443,256608.0,1286618.0,256608.0,26.90984692605063,25.734283420626014,0.009733997829487629,0.03550217812252456,8482.10 - rolamentos de esferas,0.19944381315977236,False,False,True
848210,Canada,2024-08-01,4390184,4229192,62482,98510,193765.0,722862.0,193765.0,22.657260083090343,21.826397956287256,0.014232205301645671,0.023292865398402342,8482.10 - rolamentos de esferas,0.2680525466824926,False,False,True
848210,Canada,2024-09-01,4883244,4470215,274640,138389,272019.0,533125.0,272019.0,17.951848951727637,16.433466044651293,0.05624130188866254,0.030958018797753575,8482.10 - rolamentos de esferas,0.5102349355216882,False,False,True
848210,Canada,2024-10-01,5218286,5009492,49334,159460,201614.0,1075724.0,201614.0,25.882557758885792,24.84694515261837,0.009454062119247585,0.031831570945716654,8482.10 - rolamentos de esferas,0.1874216806541455,False,False,True
848210,Canada,2024-11-01,5227102,5015442,66334,145326,208699.0,1087791.0,208699.0,25.046128635019812,24.031940737617333,0.012690397088099678,0.028975711412872484,8482.10 - rolamentos de esferas,0.1918557884740727,False,False,True
848210,Canada,2024-12-01,4309179,4122697,79405,107077,156623.0,822117.0,156623.0,27.51306640787113,26.3224239096429,0.0184269439723901,0.025972561165664126,8482.10 - rolamentos de esferas,0.19051181279550233,False,False,True
848210,Canada,2025-01-01,8485475,8084452,97267,303756,268456.0,1524708.0,268456.0,31.608438626814078,30.114625860476206,0.011462764311956608,0.03757286208143731,8482.10 - rolamentos de esferas,0.1760704344700756,False,False,True
848210,Canada,2025-02-01,7814053,7423528,84207,306318,235931.0,1049278.0,235931.0,33.12007748028025,31.46482658065282,0.010776353833279606,0.04126312987571408,8482.10 - rolamentos de esferas,0.22485080217063544,False,False,True
848210,Canada,2025-03-01,9944388,8961323,66971,916094,285854.0,1330481.0,285854.0,34.788346498562206,31.34930069196163,0.006734552191648194,0.10222753939345787,8482.10 - rolamentos de esferas,0.2148501181151779,False,False,True
848210,Canada,2025-04-01,9614265,8715915,189748,708602,250228.0,1606776.0,250228.0,38.42201911856387,34.83189331329827,0.01973609007032779,0.08129978321266328,8482.10 - rolamentos de esferas,0.15573297086837246,False,False,True
848210,Canada,2025-05-01,11308532,10456512,71051,780969,343006.0,1521562.0,343006.0,32.968904334034974,30.484924461962766,0.006282955205856958,0.0746873335965186,8482.10 - rolamentos de esferas,0.22543018293043596,False,False,True
848210,Canada,2025-06-01,9581666,8951978,61047,568641,282112.0,1261435.0,282112.0,33.964049739110706,31.732000056715062,0.006371230222385126,0.0635212687073181,8482.10 - rolamentos de esferas,0.22364370736502476,False,False,True
848210,Canada,2025-07-01,6480478,5813042,96561,570875,247925.0,1215905.0,247925.0,26.13886457598064,23.446776242815368,0.014900289762576156,0.09820589632760265,8482.10 - rolamentos de esferas,0.20390162060358333,False,False,True
848210,Canada,2025-08-01,9045467,7981828,93825,969814,245481.0,985625.0,245481.0,36.84793120445167,32.51505411824133,0.01037259878345695,0.12150274348181896,8482.10 - rolamentos de esferas,0.24906125554850983,False,False,True
848210,Canada,2025-09-01,12095954,9768749,170029,2157176,293045.0,1415656.0,293045.0,41.276780016720984,33.33532051391425,0.014056683747309224,0.22082418127438835,8482.10 - rolamentos de esferas,0.20700297247353877,False,False,True
848210,Canada,2025-10-01,7518619,6159726,82672,1276221,314669.0,1238752.0,314669.0,23.893739135408953,19.57525526823424,0.010995636299698124,0.2071879495938618,8482.10 - rolamentos de esferas,0.25402098240810106,False,False,True
848210,Canada,2025-11-01,9116880,7837956,72727,1206197,283447.0,1072305.0,283447.0,32.16431996105092,27.652280673282835,0.007977180789919358,0.15389177994875194,8482.10 - rolamentos de esferas,0.2643343078694961,False,False,True
848210,Canada,2025-12-01,6443693,5279420,120194,1044079,210734.0,943133.0,210734.0,30.577377167424334,25.052530678485674,0.018652968103849765,0.1977639589197298,8482.10 - rolamentos de esferas,0.22344038433603744,False,False,True
848210,Canada,2026-01-01,9143469,7714835,80492,1348142,268774.0,960364.0,268774.0,34.01917224136263,28.703799474651564,0.008803223371785917,0.174746705535504,8482.10 - rolamentos de esferas,0.2798668005048086,False,False,True
848210,Canada,2026-02-01,10657564,9323582,47972,1286010,314718.0,1186796.0,314718.0,33.863852718942034,29.625194618674495,0.004501216225396348,0.1379308939418348,8482.10 - rolamentos de esferas,0.26518289579675025,False,False,True
848210,Canada,2026-03-01,6288648,5726747,49315,512586,370397.0,1028180.0,370397.0,16.978128872534064,15.461105246532775,0.007841908149414628,0.08950735906440428,8482.10 - rolamentos de esferas,0.36024528779007564,False,False,True
848210,Canada,2026-04-01,11513887,10396751,41397,1075739,324931.0,1964148.0,324931.0,35.434867710375435,31.996796242894646,0.003595397453527206,0.1034687663482563,8482.10 - rolamentos de esferas,0.16543101639998614,False,False,True
848210,Canada,2026-05-01,10752935,9191405,49466,1512064,256480.0,1062213.0,256480.0,41.925042888334374,35.836731908920775,0.004600232401665219,0.16450847286133077,8482.10 - rolamentos de esferas,0.24145816328740094,False,False,True
848210,Canada,2026-06-01,12982669,11375579,73515,1533575,289081.0,1077007.0,289081.0,44.91014283193984,39.350835924879185,0.0056625490490437675,0.13481291809410317,8482.10 - rolamentos de esferas,0.2684114402227655,False,False,True
848210,India,2022-01-01,1300395,1128369,70784,101242,57251.0,321248.0,57251.0,22.713926394298788,19.709157918638976,0.05443269160524302,0.08972419483342772,8482.10 - rolamentos de esferas,0.17821433907759737,False,False,True
848210,India,2022-02-01,495555,439595,16394,39566,19022.0,258374.0,19022.0,26.051677005572493,23.10982020818,0.03308209986782496,0.09000557331179836,8482.10 - rolamentos de esferas,0.07362195886583016,False,False,True
848210,India,2022-03-01,1663419,1479806,50440,133173,76747.0,327111.0,76747.0,21.67405892086987,19.281613613561444,0.030323087568435853,0.08999355320900172,8482.10 - rolamentos de esferas,0.23462066393364944,False,False,True
848210,India,2022-04-01,1714931,1503200,76593,135138,87488.0,318474.0,87488.0,19.601899689100218,17.181784930504755,0.0446624383138447,0.08990021287919106,8482.10 - rolamentos de esferas,0.2747100234242042,False,False,True
848210,India,2022-05-01,1735608,1526156,73057,136395,77951.0,295502.0,77951.0,22.26537183615348,19.578401816525766,0.042093030223414506,0.08937159766105168,8482.10 - rolamentos de esferas,0.26379178482717547,False,False,True
848210,India,2022-06-01,2057706,1816298,78146,163262,103926.0,511502.0,103926.0,19.799722879741353,17.476839289494446,0.03797724261872201,0.08988723216124227,8482.10 - rolamentos de esferas,0.20317809119025929,False,False,True
848210,India,2022-07-01,1095907,958932,50972,86003,43061.0,248457.0,43061.0,25.450105664057965,22.269153061935395,0.04651124593601464,0.08968623426895755,8482.10 - rolamentos de esferas,0.17331369210768865,False,False,True
848210,India,2022-08-01,1759660,1557015,65064,137581,90328.0,388519.0,90328.0,19.480781153130813,17.237346116375875,0.03697532477865042,0.08836202605626792,8482.10 - rolamentos de esferas,0.2324931341839138,False,False,True
848210,India,2022-09-01,708635,617224,36026,55385,30620.0,385109.0,30620.0,23.14288047028086,20.15754408883083,0.05083858403832721,0.08973241481212656,8482.10 - rolamentos de esferas,0.07950995692128722,False,False,True
848210,India,2022-10-01,1378327,1227375,40485,110467,68593.0,379413.0,68593.0,20.0942807575117,17.89358972489904,0.029372565436213614,0.09000264792748752,8482.10 - rolamentos de esferas,0.18078716332861552,False,False,True
848210,India,2022-11-01,1173836,1051606,28338,93892,35812.0,254681.0,35812.0,32.7777281358204,29.36462638221825,0.024141362166435514,0.08928438978096359,8482.10 - rolamentos de esferas,0.14061512244729682,False,False,True
848210,India,2022-12-01,1310745,1162507,44970,103268,55741.0,202887.0,55741.0,23.514917206365155,20.85551030659658,0.03430873281988488,0.08883215326875452,8482.10 - rolamentos de esferas,0.27473914050678455,False,False,True
848210,India,2023-01-01,1676684,1497676,44507,134501,64481.0,412564.0,64481.0,26.002760503093935,23.226624897256556,0.026544655999580124,0.08980647349627022,8482.10 - rolamentos de esferas,0.15629332661114398,False,False,True
848210,India,2023-02-01,911360,814947,23068,73345,39357.0,269377.0,39357.0,23.156236501765886,20.706532510099855,0.025311622191011237,0.08999971777305764,8482.10 - rolamentos de esferas,0.14610378762849094,False,False,True
848210,India,2023-03-01,1129274,993704,46821,88749,56230.0,402226.0,56230.0,20.083122888138004,17.672132313711543,0.04146115114666591,0.08931130396979382,8482.10 - rolamentos de esferas,0.13979702953066186,False,False,True
848210,India,2023-04-01,1113439,998189,27425,87825,46989.0,234679.0,46989.0,23.6957373002192,21.24303560407755,0.024630895810188076,0.08798433963908639,8482.10 - rolamentos de esferas,0.20022669263121115,False,False,True
848210,India,2023-05-01,1004858,899397,24742,80719,41223.0,356434.0,41223.0,24.37614923707639,21.81784440724838,0.02462238445631124,0.08974790887672518,8482.10 - rolamentos de esferas,0.11565394995988038,False,False,True
848210,India,2023-06-01,1313105,1180023,27218,105864,68855.0,217999.0,68855.0,19.070583109432867,17.137796819403093,0.020727969202767486,0.08971350558421319,8482.10 - rolamentos de esferas,0.3158500727067555,False,False,True
848210,India,2023-07-01,1045073,937744,23704,83625,55302.0,310845.0,55302.0,18.897562475136525,16.95678275650067,0.022681669127419805,0.08917679025405655,8482.10 - rolamentos de esferas,0.17790860396660715,False,False,True
848210,India,2023-08-01,1266576,1144390,19795,102391,41661.0,330650.0,41661.0,30.40195866637863,27.469095797028395,0.015628750268440267,0.08947212051835475,8482.10 - rolamentos de esferas,0.12599727808861333,False,False,True
848210,India,2023-09-01,1598728,1434854,34889,128985,76399.0,242302.0,76399.0,20.92603306325999,18.78105734368251,0.021822974264540308,0.08989416344798844,8482.10 - rolamentos de esferas,0.3153048674794265,False,False,True
848210,India,2023-10-01,653197,578456,22683,52058,29635.0,193150.0,29635.0,22.041403745571117,19.519352117428717,0.03472612397178799,0.0899947446305337,8482.10 - rolamentos de esferas,0.15342997670204503,False,False,True
848210,India,2023-11-01,831549,741855,23184,66510,48528.0,184125.0,48528.0,17.135447576656777,15.287153808110782,0.02788049772172175,0.08965363851426492,8482.10 - rolamentos de esferas,0.2635600814663951,False,False,True
848210,India,2023-12-01,663474,586635,24773,52066,25897.0,100108.0,25897.0,25.61972429238908,22.652623856045103,0.03733831318182777,0.08875365431656822,8482.10 - rolamentos de esferas,0.25869061413673233,False,False,True
848210,India,2024-01-01,907974,811279,27987,68708,50000.0,224879.0,50000.0,18.15948,16.22558,0.030823569837902846,0.08469096328143585,8482.10 - rolamentos de esferas,0.22234179269740617,False,False,True
848210,India,2024-02-01,1107349,981754,37788,87807,67769.0,209104.0,67769.0,16.340052236273223,14.486771237586508,0.034124742967212685,0.08943890220971852,8482.10 - rolamentos de esferas,0.3240923176983702,False,False,True
848210,India,2024-03-01,1040147,900254,60327,79566,50624.0,440564.0,50624.0,20.546519437420987,17.78314633375474,0.05799853289967668,0.08838172338029045,8482.10 - rolamentos de esferas,0.11490725524554889,False,False,True
848210,India,2024-04-01,1025516,911126,36050,78340,57791.0,241062.0,57791.0,17.745254451385165,15.765880500423942,0.03515303515498539,0.08598152176537603,8482.10 - rolamentos de esferas,0.23973500593208386,False,False,True
848210,India,2024-05-01,1283912,1123393,59735,100784,64644.0,557664.0,64644.0,19.861270960955387,17.378148010642906,0.046525774352136284,0.08971392914144917,8482.10 - rolamentos de esferas,0.11591926321225685,False,False,True
848210,India,2024-06-01,1230808,1097266,36822,96720,64058.0,314431.0,64058.0,19.213962346623372,17.129257860064317,0.029916932616622576,0.08814635648967525,8482.10 - rolamentos de esferas,0.20372673177899125,False,False,True
848210,India,2024-07-01,1912050,1699259,61391,151400,115367.0,586856.0,115367.0,16.573630240883443,14.729159985091057,0.032107423969038464,0.0890976596269315,8482.10 - rolamentos de esferas,0.19658485216134794,False,False,True
848210,India,2024-08-01,990625,870786,44643,75196,51441.0,336379.0,51441.0,19.257498882214577,16.927859100717328,0.045065488958990534,0.08635416738440903,8482.10 - rolamentos de esferas,0.15292571771721777,False,False,True
848210,India,2024-09-01,1268312,1137771,29707,100834,68713.0,302976.0,68713.0,18.45810836377396,16.558307743803937,0.023422470180838786,0.0886241607493951,8482.10 - rolamentos de esferas,0.22679354140261934,False,False,True
848210,India,2024-10-01,976386,881565,18328,76493,45158.0,379307.0,45158.0,21.62155099871562,19.521790158997298,0.01877126464328657,0.08676955187649238,8482.10 - rolamentos de esferas,0.11905395893036512,False,False,True
848210,India,2024-11-01,1437121,1275548,46991,114582,103218.0,300860.0,103218.0,13.923162626673642,12.35780580906431,0.032698012206348666,0.08982962616851738,8482.10 - rolamentos de esferas,0.3430765139932194,False,False,True
848210,India,2024-12-01,1044353,932582,29235,82536,42873.0,455976.0,42873.0,24.359223753877732,21.752198353275954,0.027993408359051012,0.0885026732233734,8482.10 - rolamentos de esferas,0.09402468550976367,False,False,True
848210,India,2025-01-01,1084423,972608,24689,87126,62645.0,406571.0,62645.0,17.31060739085322,15.52570835661266,0.02276694610866793,0.08957976903336184,8482.10 - rolamentos de esferas,0.15408132896837207,False,False,True
848210,India,2025-02-01,1029576,928782,19994,80800,37276.0,277395.0,37276.0,27.620345530636335,24.916353686017814,0.01941964459156002,0.08699565667723966,8482.10 - rolamentos de esferas,0.1343787739505038,False,False,True
848210,India,2025-03-01,1147489,1032051,24387,91051,52726.0,291143.0,52726.0,21.763247733565983,19.573853506808785,0.02125249130928488,0.08822335330327669,8482.10 - rolamentos de esferas,0.1811000092737933,False,False,True
848210,India,2025-04-01,1496849,1343439,31180,122230,74023.0,670460.0,74023.0,20.221404158167058,18.148940194263943,0.020830424444950695,0.09098291772086414,8482.10 - rolamentos de esferas,0.11040628822002804,False,False,True
848210,India,2025-05-01,1013387,883666,13480,116241,58043.0,238691.0,58043.0,17.45924573161277,15.22433368364833,0.013301927101887039,0.13154404492195015,8482.10 - rolamentos de esferas,0.2431721346845922,False,False,True
848210,India,2025-06-01,729587,602724,9521,117342,41162.0,134127.0,41162.0,17.72477041931879,14.642728730382391,0.013049848750046259,0.1946861249925339,8482.10 - rolamentos de esferas,0.3068882477055328,False,False,True
848210,India,2025-07-01,881333,724393,17882,139058,47002.0,298662.0,47002.0,18.750968043913026,15.411961193140717,0.02028972023060523,0.19196485885424072,8482.10 - rolamentos de esferas,0.1573752268450623,False,False,True
848210,India,2025-08-01,1162728,927871,30860,203997,58228.0,363023.0,58228.0,19.968537473380504,15.935134299649652,0.026541031092396503,0.21985491517678643,8482.10 - rolamentos de esferas,0.16039755056842128,False,False,True
848210,India,2025-09-01,1575433,1010721,24790,539922,68218.0,397040.0,68218.0,23.094095400041045,14.816045618458471,0.015735356565464858,0.5341948965144684,8482.10 - rolamentos de esferas,0.17181644166834575,False,False,True
848210,India,2025-10-01,1605838,1004356,32021,569461,69928.0,202327.0,69928.0,22.964163139228923,14.362715936391718,0.01994036758377869,0.5669911863920761,8482.10 - rolamentos de esferas,0.34561872612157546,False,False,True
848210,India,2025-11-01,935232,602235,12794,320203,54076.0,166004.0,54076.0,17.294770323248763,11.136825948664843,0.013680028057209335,0.5316911172548922,8482.10 - rolamentos de esferas,0.3257511867183923,False,False,True
848210,India,2025-12-01,2036747,1292077,42267,702403,107986.0,385289.0,107986.0,18.861213490637674,11.965226973866983,0.020752209282743513,0.5436231741606731,8482.10 - rolamentos de esferas,0.2802727303400824,False,False,True
848210,India,2026-01-01,2304505,1437835,29829,836841,110365.0,638028.0,110365.0,20.88075929869071,13.027998006614416,0.012943777514043147,0.582014626156687,8482.10 - rolamentos de esferas,0.1729783018927069,False,False,True
848210,India,2026-02-01,1480897,949562,26871,504464,88451.0,536398.0,88451.0,16.742569332172614,10.735458050219895,0.018145083689142458,0.5312596755135526,8482.10 - rolamentos de esferas,0.16489807941118348,False,False,True
848210,India,2026-03-01,1726404,1202441,25560,498403,98195.0,488476.0,98195.0,17.581383980854422,12.245440195529303,0.014805341044158841,0.41449268612763535,8482.10 - rolamentos de esferas,0.2010231823057837,False,False,True
848210,India,2026-04-01,1338913,983645,17703,337565,80719.0,399630.0,80719.0,16.587333837138715,12.186040461353585,0.013221919572070777,0.3431776708060327,8482.10 - rolamentos de esferas,0.20198433551034706,False,False,True
848210,India,2026-05-01,2127962,1758268,42332,327362,67000.0,626793.0,67000.0,31.760626865671643,26.242805970149252,0.019893212378792477,0.18618435869844643,8482.10 - rolamentos de esferas,0.10689334437366084,False,False,True
848210,India,2026-06-01,1584768,1193614,31128,360026,76523.0,597909.0,76523.0,20.7096951243417,15.598107758451707,0.019641991761570148,0.30162682408215724,8482.10 - rolamentos de esferas,0.1279843588238344,False,False,True
848210,Mexico,2022-01-01,3204066,3040801,21960,141305,304143.0,1833686.0,304143.0,10.534735305431985,9.997931893878865,0.006853791401300722,0.04646966374978172,8482.10 - rolamentos de esferas,0.16586427556299171,False,False,True
848210,Mexico,2022-02-01,3270798,3097887,22816,150095,289605.0,1455048.0,289605.0,11.29399699590822,10.696938934065365,0.006975667711671586,0.048450766603171776,8482.10 - rolamentos de esferas,0.19903467102116218,False,False,True
848210,Mexico,2022-03-01,5027589,4753862,36451,237276,381516.0,1262252.0,381516.0,13.177924385871103,12.460452510510699,0.007250194874720268,0.04991226081026332,8482.10 - rolamentos de esferas,0.3022502638141987,False,False,True
848210,Mexico,2022-04-01,3358318,3174310,31577,152431,266396.0,711389.0,266396.0,12.606488085406689,11.915756993348248,0.009402623575254041,0.048020199665439106,8482.10 - rolamentos de esferas,0.3744730379581354,False,False,True
848210,Mexico,2022-05-01,4331560,4109861,44622,177077,376507.0,1573376.0,376507.0,11.504593540093545,10.915762522343542,0.010301600347219015,0.043085885386391416,8482.10 - rolamentos de esferas,0.23929880715099253,False,False,True
848210,Mexico,2022-06-01,2675342,2562707,30516,82119,208565.0,1441301.0,208565.0,12.827377556157552,12.287330088941097,0.01140639215472265,0.03204385050651518,8482.10 - rolamentos de esferas,0.14470606764305305,False,False,True
848210,Mexico,2022-07-01,3197859,3056740,20355,120764,198726.0,700180.0,198726.0,16.091799764499864,15.381681309944346,0.006365196214091991,0.03950744911245314,8482.10 - rolamentos de esferas,0.28382130309349024,False,False,True
848210,Mexico,2022-08-01,4092876,3824342,38017,230517,286604.0,588028.0,286604.0,14.280596223360456,13.343644889813122,0.009288578495903614,0.06027625144403926,8482.10 - rolamentos de esferas,0.4873985592522805,False,False,True
848210,Mexico,2022-09-01,3398277,3200375,24017,173885,287950.0,1489795.0,287950.0,11.8016218093419,11.11434276784164,0.007067405040848642,0.05433269538725931,8482.10 - rolamentos de esferas,0.19328162599552287,False,False,True
848210,Mexico,2022-10-01,3063286,2924692,37074,101520,296615.0,2210770.0,296615.0,10.32748175244003,9.860229590546668,0.01210268972600012,0.03471134738290391,8482.10 - rolamentos de esferas,0.1341681857452381,False,False,True
848210,Mexico,2022-11-01,3462088,3310475,24942,126671,237035.0,473645.0,237035.0,14.605809268673402,13.966186428164617,0.007204322940375866,0.03826369327664459,8482.10 - rolamentos de esferas,0.5004486482492162,False,False,True
848210,Mexico,2022-12-01,2958931,2858230,17247,83454,189214.0,407700.0,189214.0,15.638013043432304,15.105806124282559,0.0058287942503559564,0.02919779024081337,8482.10 - rolamentos de esferas,0.4641010546970812,False,False,True
848210,Mexico,2023-01-01,3620519,3426308,26338,167873,230087.0,394491.0,230087.0,15.735434857249649,14.891358486137852,0.007274647640296875,0.04899530339946088,8482.10 - rolamentos de esferas,0.5832503149628255,False,False,True
848210,Mexico,2023-02-01,3558586,3389579,24861,144146,191505.0,385922.0,191505.0,18.58220934179264,17.699689303151352,0.006986201822858855,0.04252622523328118,8482.10 - rolamentos de esferas,0.49622721689875154,False,False,True
848210,Mexico,2023-03-01,4171306,3955291,32358,183657,338278.0,1560277.0,338278.0,12.330999946789326,11.692427530019687,0.0077572827311158665,0.04643324599884054,8482.10 - rolamentos de esferas,0.21680637476550638,False,False,True
848210,Mexico,2023-04-01,3706313,3510863,27594,167856,277068.0,823744.0,277068.0,13.376907473977507,12.671484978416851,0.007445134828062282,0.04781046711307163,8482.10 - rolamentos de esferas,0.3363520705461891,False,False,True
848210,Mexico,2023-05-01,4034835,3820010,32281,182544,335859.0,1477201.0,335859.0,12.013478870597483,11.373850336004097,0.008000574992533772,0.047786262339627385,8482.10 - rolamentos de esferas,0.2273617469795918,False,False,True
848210,Mexico,2023-06-01,4096296,3887761,28895,179640,296866.0,1112376.0,296866.0,13.798467995661342,13.096013015973536,0.00705393360245451,0.046206544075111614,8482.10 - rolamentos de esferas,0.26687558882967627,False,False,True
848210,Mexico,2023-07-01,3413894,3222475,19412,172007,213677.0,777963.0,213677.0,15.976890353196648,15.081056922364128,0.0056861753762712025,0.05337729540182624,8482.10 - rolamentos de esferas,0.2746621625964217,False,False,True
848210,Mexico,2023-08-01,3810048,3614174,17881,177993,282993.0,470838.0,282993.0,13.463400154774146,12.771248758803221,0.004693116727138346,0.04924859732818619,8482.10 - rolamentos de esferas,0.6010411224242733,False,False,True
848210,Mexico,2023-09-01,4479578,4216028,38064,225486,387736.0,505052.0,387736.0,11.553165040130398,10.873449976272516,0.008497228980051246,0.05348304138397563,8482.10 - rolamentos de esferas,0.7677150075635776,False,False,True
848210,Mexico,2023-10-01,4080174,3848159,34059,197956,320645.0,474008.0,320645.0,12.724895133247049,12.00130674109997,0.00834743812396236,0.051441741362558045,8482.10 - rolamentos de esferas,0.67645482776662,False,False,True
848210,Mexico,2023-11-01,3670598,3456526,36060,178012,261448.0,494563.0,261448.0,14.039495425476577,13.220701630917047,0.009824012327146693,0.05150026355942354,8482.10 - rolamentos de esferas,0.5286444800763502,False,False,True
848210,Mexico,2023-12-01,3896637,3597823,56391,242423,312820.0,510142.0,312820.0,12.456482961447477,11.50125631353494,0.014471709835943147,0.0673804686889822,8482.10 - rolamentos de esferas,0.6132018143967758,False,False,True
848210,Mexico,2024-01-01,3610962,3443232,19973,147757,223998.0,390341.0,223998.0,16.120510004553612,15.371708675970321,0.005531213011934216,0.04291229867752158,8482.10 - rolamentos de esferas,0.5738520934260044,False,False,True
848210,Mexico,2024-02-01,4466210,4155127,43533,267550,426848.0,760778.0,426848.0,10.463232813554239,9.734441768498389,0.009747190570976286,0.06439033030759349,8482.10 - rolamentos de esferas,0.5610677490674021,False,False,True
848210,Mexico,2024-03-01,5094118,4799537,34713,259868,463808.0,782842.0,463808.0,10.983247378225473,10.348111718642198,0.006814329781917105,0.05414438934422216,8482.10 - rolamentos de esferas,0.5924669345793915,False,False,True
848210,Mexico,2024-04-01,3734834,3523207,23405,188222,325180.0,645821.0,325180.0,11.485435758656743,10.834636201488406,0.006266677448047223,0.05342348604552614,8482.10 - rolamentos de esferas,0.5035141316247072,False,False,True
848210,Mexico,2024-05-01,4755275,4456556,27493,271226,406849.0,775148.0,406849.0,11.688058714658263,10.953832994550805,0.005781579403925115,0.06086000041287488,8482.10 - rolamentos de esferas,0.5248662190962242,False,False,True
848210,Mexico,2024-06-01,3964381,3697123,21192,246066,369286.0,735712.0,369286.0,10.735259392449214,10.011543898225224,0.0053456012426656265,0.06655607617057913,8482.10 - rolamentos de esferas,0.5019436953590536,False,False,True
848210,Mexico,2024-07-01,4097915,3833622,14654,249639,330459.0,666770.0,330459.0,12.400676029401529,11.60090056557697,0.0035759648504178343,0.0651183136991597,8482.10 - rolamentos de esferas,0.49561168018957064,False,False,True
848210,Mexico,2024-08-01,4602545,4335820,20412,246313,413363.0,874793.0,413363.0,11.134390354240704,10.48913424762255,0.0044349376268999,0.05680886199150334,8482.10 - rolamentos de esferas,0.4725266434459352,False,False,True
848210,Mexico,2024-09-01,3947912,3732274,23202,192436,384354.0,640226.0,384354.0,10.271551746566967,9.710511663726669,0.005877030693693274,0.051559987289250465,8482.10 - rolamentos de esferas,0.6003411295386317,False,False,True
848210,Mexico,2024-10-01,4480825,4241852,26314,212659,398362.0,818438.0,398362.0,11.248123566002782,10.648234520360878,0.005872579268326703,0.050133526582257,8482.10 - rolamentos de esferas,0.4867344869128755,False,False,True
848210,Mexico,2024-11-01,4076353,3901256,20000,155097,386113.0,782838.0,386113.0,10.557409359436226,10.103922944837391,0.004906346432705901,0.03975565817777659,8482.10 - rolamentos de esferas,0.49322209703667935,False,False,True
848210,Mexico,2024-12-01,4229594,4025888,24645,179061,359036.0,747292.0,359036.0,11.780417562584253,11.213048273710715,0.005826800397390388,0.04447739231692486,8482.10 - rolamentos de esferas,0.4804494093339685,False,False,True
848210,Mexico,2025-01-01,3519842,3371805,15907,132130,263226.0,538494.0,263226.0,13.371938942201758,12.809543890041258,0.004519236943021874,0.03918672639728573,8482.10 - rolamentos de esferas,0.48881881692275125,False,False,True
848210,Mexico,2025-02-01,4549239,4335551,27778,185910,391036.0,698436.0,391036.0,11.63381120919813,11.087344899190867,0.006106076203074844,0.04288036284200094,8482.10 - rolamentos de esferas,0.5598737751204119,False,False,True
848210,Mexico,2025-03-01,4903766,4379332,28235,496199,349789.0,664052.0,349789.0,14.019211581839338,12.51992486899245,0.005757819602321971,0.11330472318609322,8482.10 - rolamentos de esferas,0.5267494111906899,False,False,True
848210,Mexico,2025-04-01,5245029,4586360,37741,620928,382286.0,1120193.0,382286.0,13.720170239035696,11.997195816744531,0.007195575086429456,0.13538579614334678,8482.10 - rolamentos de esferas,0.34126797792880337,False,False,True
848210,Mexico,2025-05-01,5441623,4820620,31130,589873,436270.0,1185717.0,436270.0,12.473062553006166,11.04962523208105,0.005720719719098512,0.1223645506179703,8482.10 - rolamentos de esferas,0.367937711949816,False,False,True
848210,Mexico,2025-06-01,5219047,4649207,25811,544029,461025.0,1229369.0,461025.0,11.32052925546337,10.08450084051841,0.004945538907773776,0.11701543940719353,8482.10 - rolamentos de esferas,0.37500945607055325,False,False,True
848210,Mexico,2025-07-01,5464221,4872803,38032,553386,483365.0,1238756.0,483365.0,11.304544185036153,10.081000899941039,0.006960187005613426,0.11356625744976762,8482.10 - rolamentos de esferas,0.3902019445314493,False,False,True
848210,Mexico,2025-08-01,4679704,4055147,30345,594212,332881.0,1257662.0,332881.0,14.058188962422006,12.181971935917039,0.006484384482437351,0.14653278907028525,8482.10 - rolamentos de esferas,0.2646824027441395,False,False,True
848210,Mexico,2025-09-01,144463,90252,962,53249,7785.0,1025.0,7785.0,18.556583172768143,11.593063583815029,0.006659144556045492,0.5900035456277978,8482.10 - rolamentos de esferas,7.595121951219512,True,True,False
848210,Mexico,2025-10-01,6592735,5468914,40518,1083303,436882.0,1481452.0,436882.0,15.090424874451225,12.518057507519194,0.006145856006649744,0.19808375117985033,8482.10 - rolamentos de esferas,0.29490121853424883,False,False,True
848210,Mexico,2025-11-01,5556000,4378774,32253,1144973,366613.0,1216951.0,366613.0,15.154945405645735,11.94385905573452,0.005805075593952483,0.26148255196545883,8482.10 - rolamentos de esferas,0.30125535046193314,False,False,True
848210,Mexico,2025-12-01,7409958,5947186,30857,1431915,512214.0,1563213.0,512214.0,14.466527662266163,11.610744727789557,0.004164261119968561,0.24077185411722452,8482.10 - rolamentos de esferas,0.32766743879432936,False,False,True
848210,Mexico,2026-01-01,5722439,4919448,20986,782005,340116.0,951581.0,340116.0,16.824962659798423,14.464029919204036,0.0036673173798794536,0.15896194044535078,8482.10 - rolamentos de esferas,0.3574220166228624,False,False,True
848210,Mexico,2026-02-01,6559288,5452195,24885,1082208,392897.0,877566.0,392897.0,16.694675703810415,13.876906670196005,0.0037938568942238854,0.19849033279257253,8482.10 - rolamentos de esferas,0.4477121948662551,False,False,True
848210,Mexico,2026-03-01,6469345,5657581,18238,793526,433825.0,1034350.0,433825.0,14.912337924278223,13.041159453696768,0.0028191416596270564,0.14025888449498117,8482.10 - rolamentos de esferas,0.4194179919756369,False,False,True
848210,Mexico,2026-04-01,5987143,5270263,25873,691007,396848.0,785457.0,396848.0,15.086741019231544,13.28030631375237,0.004321426763984091,0.13111432958848543,8482.10 - rolamentos de esferas,0.5052447174065544,False,False,True
848210,Mexico,2026-05-01,4672673,4219101,18514,435058,325778.0,597131.0,325778.0,14.343120161582426,12.950846895738817,0.003962186097764599,0.10311627998476453,8482.10 - rolamentos de esferas,0.5455720771489003,False,False,True
848210,Mexico,2026-06-01,4830587,4370402,15260,444925,355846.0,560806.0,355846.0,13.5749369109109,12.281722992530476,0.0031590363655597136,0.10180413609548962,8482.10 - rolamentos de esferas,0.6345260214762324,False,False,True
