name,date,shipments,country
Apolo Tubulars S/A,Jul 2017,10,brazil
Apolo Tubulars S/A,Oct 2017,9,brazil
Apolo Tubulars S/A,Apr 2020,1,brazil
Apolo Tubulars S/A,Jul 2020,1,brazil
Apolo Tubulars S/A,Jan 2021,1,brazil
Apolo Tubulars S/A,Jul 2021,2,brazil
Apolo Tubulars S/A,Oct 2021,4,brazil
Apolo Tubulars S/A,Jan 2022,1,brazil
Apolo Tubulars S/A,Apr 2022,1,brazil
Arvedi Metalfer Do Brasil,Oct 2017,3,brazil
Arvedi Metalfer Do Brasil,Jan 2018,2,brazil
Arvedi Metalfer Do Brasil,Apr 2018,1,brazil
Arvedi Metalfer Do Brasil,Jul 2018,2,brazil
Arvedi Metalfer Do Brasil,Jan 2019,1,brazil
Arvedi Metalfer Do Brasil,Jul 2019,1,brazil
Arvedi Metalfer Do Brasil,Oct 2019,2,brazil
Arvedi Metalfer Do Brasil,Oct 2021,3,brazil
Arvedi Metalfer Do Brasil,Jan 2022,3,brazil
Arvedi Metalfer Do Brasil,Apr 2022,5,brazil
Stemcor Usa,Jul 2015,14,brazil
Tuper,Jan 2015,5,brazil
Tuper,Apr 2022,7,brazil
Apolo Tubulars International,Apr 2022,11,brazil
Tuper Tog,Jan 2022,8,brazil
Metalurgica Golin S A,Apr 2022,3,brazil
Metalurgica Golin S A,Jan 2023,3,brazil
Tuper S A,Jan 2022,5,brazil
Tuper S A,Jul 2022,1,brazil
Apolo Tubulars Sn,Jan 2022,6,brazil
Marcegaglia Do Brasil,Apr 2015,4,brazil
Marcegaglia Do Brasil,Jan 2018,2,brazil
Tuper Avenida Prefeito Ornith,Apr 2022,4,brazil
Vallourec Solu Es Tubulares Do Bra,Apr 2026,3,brazil
Metalurgica Golin,Oct 2022,3,brazil
Robor,Jan 2015,2,brazil
Robor,Apr 2015,1,brazil
Apolo Tubulars Av Dr Leo,Apr 2021,1,brazil
Apolo Tubulars Av Dr Leo,Jul 2021,1,brazil
M&I Comercio E Servicos,Jul 2019,2,brazil
Arcelormittal Prod Research,Jul 2020,2,canada
Arcelormittal Prod Research,Oct 2020,4,canada
Arcelormittal Prod Research,Jan 2021,3,canada
Arcelormittal Prod Research,Apr 2021,3,canada
Arcelormittal Prod Research,Jul 2021,1,canada
Arcelormittal Prod Research,Oct 2021,1,canada
Boart Longyear,Jan 2023,3,canada
Boart Longyear,Oct 2023,2,canada
Boart Longyear,Apr 2024,1,canada
Imperial Steel Products,Jul 2017,1,canada
Imperial Steel Products,Oct 2019,1,canada
Imperial Steel Products,Jan 2020,1,canada
Imperial Steel Products,Jan 2022,1,canada
Imperial Steel Products,Oct 2022,1,canada
Imperial Steel Products,Oct 2023,1,canada
Oil Lift Technology,Jul 2017,1,canada
Oil Lift Technology,Oct 2017,1,canada
Oil Lift Technology,Jan 2018,1,canada
Arzon,Oct 2016,2,canada
Arzon,Jan 2017,1,canada
A Hartrodt Canada,Apr 2015,1,canada
A Hartrodt Canada,Apr 2016,1,canada
A Hartrodt Canada,Jul 2016,1,canada
Tube Investments Of India,Apr 2026,2,canada
Burford International,Jan 2023,2,canada
Ti Automotive Canada,Jul 2020,1,canada
Ti Automotive Canada,Apr 2021,1,canada
Prestige Guitars,Apr 2019,1,canada
Prestige Guitars,Jan 2020,1,canada
Caledon Tubing,Apr 2017,1,canada
Caledon Tubing,Jul 2018,1,canada
H E Industrial,Jul 2018,2,canada
Renaissance International,Oct 2015,1,canada
Renaissance International,Apr 2016,1,canada
Thyssenkrupp Presta Danville,Jan 2015,2,canada
Odyssey Shipping,Jan 2022,1,canada
Gillespie Munro Abi,Jan 2019,1,canada
Urecon,Jul 2018,1,canada
Polylink Global,Jan 2018,1,canada
Tubos De Acero De Mexico,Jan 2015,19,mexico
Tubos De Acero De Mexico,Apr 2016,1,mexico
Tubos De Acero De Mexico,Oct 2016,6,mexico
Tubos De Acero De Mexico,Apr 2018,18,mexico
Tubos De Acero De Mexico,Jul 2018,3,mexico
Tubos De Acero De Mexico,Oct 2018,17,mexico
Tubos De Acero De Mexico,Jan 2019,2,mexico
Tubos De Acero De Mexico,Apr 2019,24,mexico
Tubos De Acero De Mexico,Jul 2019,1,mexico
Tubos De Acero De Mexico,Oct 2019,3,mexico
Tubos De Acero De Mexico,Jan 2020,1,mexico
Tubos De Acero De Mexico,Apr 2021,1,mexico
Tubos De Acero De Mexico,Jul 2021,20,mexico
Tubos De Acero De Mexico,Jan 2022,7,mexico
Tubos De Acero De Mexico,Apr 2022,13,mexico
Tubos De Acero De Mexico,Oct 2022,1,mexico
Tubos De Acero De Mexico,Apr 2025,8,mexico
Tubos De Acero De Mexico,Jul 2026,1,mexico
Garay Componentes Tubulares De C,Apr 2021,2,mexico
Garay Componentes Tubulares De C,Jul 2021,2,mexico
Garay Componentes Tubulares De C,Oct 2021,1,mexico
Garay Componentes Tubulares De C,Jul 2022,1,mexico
Garay Componentes Tubulares De C,Apr 2023,1,mexico
Garay Componentes Tubulares De C,Jul 2023,3,mexico
Garay Componentes Tubulares De C,Oct 2023,1,mexico
Garay Componentes Tubulares De C,Jan 2024,2,mexico
Garay Componentes Tubulares De C,Apr 2024,5,mexico
Garay Componentes Tubulares De C,Jul 2024,2,mexico
Garay Componentes Tubulares De C,Oct 2024,3,mexico
Garay Componentes Tubulares De C,Jan 2025,3,mexico
Garay Componentes Tubulares De C,Apr 2026,2,mexico
Garay Componentes Tubulares De C,Jul 2026,1,mexico
Metal Melting Supplies,Jan 2015,1,mexico
Metal Melting Supplies,Apr 2015,1,mexico
Metal Melting Supplies,Jul 2015,3,mexico
Metal Melting Supplies,Oct 2015,1,mexico
Metal Melting Supplies,Jan 2016,3,mexico
Metal Melting Supplies,Apr 2016,3,mexico
Metal Melting Supplies,Jul 2016,2,mexico
Metal Melting Supplies,Oct 2016,2,mexico
Metal Melting Supplies,Jan 2017,1,mexico
Metal Melting Supplies,Apr 2017,2,mexico
Metal Melting Supplies,Jul 2017,2,mexico
Metal Melting Supplies,Jan 2018,1,mexico
Metal Melting Supplies,Apr 2018,1,mexico
Seah Steel,Jan 2021,20,mexico
Conduit De,Jul 2015,1,mexico
Conduit De,Oct 2015,1,mexico
Conduit De,Oct 2017,1,mexico
Conduit De,Jan 2020,2,mexico
Conduit De,Oct 2020,2,mexico
Conduit De,Jan 2021,1,mexico
Conduit De,Jul 2021,1,mexico
Conduit De,Oct 2021,1,mexico
Conduit De,Jan 2024,2,mexico
Conduit De,Apr 2024,3,mexico
Conduit De,Jul 2024,4,mexico
Tubac De,Oct 2018,2,mexico
Tubac De,Apr 2019,7,mexico
Tubac De,Jul 2019,3,mexico
Tubac De,Jan 2020,2,mexico
Tubac De,Apr 2020,3,mexico
Tubac De,Jul 2020,2,mexico
Intercontinental Ick Mex De,Apr 2022,1,mexico
Intercontinental Ick Mex De,Jul 2022,1,mexico
Intercontinental Ick Mex De,Jul 2024,1,mexico
Intercontinental Ick Mex De,Apr 2025,1,mexico
Intercontinental Ick Mex De,Jul 2025,4,mexico
Intercontinental Ick Mex De,Oct 2025,3,mexico
Intercontinental Ick Mex De,Jan 2026,5,mexico
Intercontinental Ick Mex De,Apr 2026,2,mexico
Automotive Bend De Mexico S De R,Apr 2025,1,mexico
Automotive Bend De Mexico S De R,Jul 2025,1,mexico
Automotive Bend De Mexico S De R,Oct 2025,2,mexico
Automotive Bend De Mexico S De R,Jan 2026,2,mexico
Automotive Bend De Mexico S De R,Apr 2026,3,mexico
Stant Manufactura De Mexico S A De,Oct 2024,3,mexico
Stant Manufactura De Mexico S A De,Jan 2025,2,mexico
Stant Manufactura De Mexico S A De,Oct 2025,3,mexico
Plantaciones De Balsa Plantabal S A,Jul 2016,2,mexico
Plantaciones De Balsa Plantabal S A,Oct 2016,1,mexico
Plantaciones De Balsa Plantabal S A,Jan 2017,2,mexico
Plantaciones De Balsa Plantabal S A,Jul 2017,1,mexico
Plantaciones De Balsa Plantabal S A,Oct 2017,2,mexico
Aceros Camesa S A De C V,Jul 2016,4,mexico
Aceros Camesa S A De C V,Oct 2016,1,mexico
Aceros Camesa S A De C V,Apr 2017,1,mexico
Aceros Camesa S A De C V,Oct 2023,1,mexico
Thyssenkrupp Steel Europe,Oct 2019,7,mexico
Productos Especializados De Acero,Oct 2016,1,mexico
Productos Especializados De Acero,Jul 2022,1,mexico
Productos Especializados De Acero,Oct 2023,1,mexico
Productos Especializados De Acero,Apr 2024,1,mexico
Productos Especializados De Acero,Jul 2024,1,mexico
Productos Especializados De Acero,Oct 2024,1,mexico
Bnca Monterrey,Jan 2025,1,mexico
Bnca Monterrey,Apr 2025,4,mexico
Donaldson S A De C V,Apr 2019,1,mexico
Donaldson S A De C V,Jul 2019,1,mexico
Donaldson S A De C V,Oct 2019,1,mexico
Donaldson S A De C V,Jan 2020,2,mexico
Tube Investments Of India,Jan 2015,35,india
Tube Investments Of India,Apr 2015,40,india
Tube Investments Of India,Jul 2015,45,india
Tube Investments Of India,Oct 2015,56,india
Tube Investments Of India,Jan 2016,42,india
Tube Investments Of India,Apr 2016,113,india
Tube Investments Of India,Jul 2016,128,india
Tube Investments Of India,Oct 2016,123,india
Tube Investments Of India,Jan 2017,159,india
Tube Investments Of India,Apr 2017,190,india
Tube Investments Of India,Jul 2017,123,india
Tube Investments Of India,Oct 2017,203,india
Tube Investments Of India,Jan 2018,24,india
Tube Investments Of India,Apr 2018,10,india
Tube Investments Of India,Jul 2018,10,india
Tube Investments Of India,Oct 2018,42,india
Tube Investments Of India,Jan 2019,23,india
Tube Investments Of India,Apr 2019,27,india
Tube Investments Of India,Jul 2019,22,india
Tube Investments Of India,Oct 2019,3,india
Tube Investments Of India,Jan 2020,16,india
Tube Investments Of India,Apr 2020,5,india
Tube Investments Of India,Jul 2020,22,india
Tube Investments Of India,Oct 2020,12,india
Tube Investments Of India,Jan 2021,10,india
Tube Investments Of India,Apr 2021,16,india
Tube Investments Of India,Jul 2021,53,india
Tube Investments Of India,Oct 2021,52,india
Tube Investments Of India,Jan 2022,78,india
Tube Investments Of India,Apr 2022,71,india
Tube Investments Of India,Jul 2022,73,india
Tube Investments Of India,Oct 2022,50,india
Tube Investments Of India,Jan 2023,59,india
Tube Investments Of India,Apr 2023,50,india
Tube Investments Of India,Jul 2023,46,india
Tube Investments Of India,Oct 2023,56,india
Tube Investments Of India,Jan 2024,73,india
Tube Investments Of India,Apr 2024,58,india
Tube Investments Of India,Jul 2024,75,india
Tube Investments Of India,Oct 2024,52,india
Tube Investments Of India,Jan 2025,84,india
Tube Investments Of India,Apr 2025,86,india
Tube Investments Of India,Jul 2025,40,india
Tube Investments Of India,Oct 2025,65,india
Tube Investments Of India,Jan 2026,84,india
Tube Investments Of India,Apr 2026,224,india
Tube Investments Of India,Jul 2026,53,india
Goodluck India,Jan 2018,1,india
Goodluck India,Jul 2018,4,india
Goodluck India,Oct 2018,16,india
Goodluck India,Jan 2019,30,india
Goodluck India,Apr 2019,23,india
Goodluck India,Jul 2019,17,india
Goodluck India,Oct 2019,24,india
Goodluck India,Jan 2020,37,india
Goodluck India,Apr 2020,28,india
Goodluck India,Jul 2020,41,india
Goodluck India,Oct 2020,46,india
Goodluck India,Jan 2021,57,india
Goodluck India,Apr 2021,76,india
Goodluck India,Jul 2021,133,india
Goodluck India,Oct 2021,98,india
Goodluck India,Jan 2022,104,india
Goodluck India,Apr 2022,114,india
Goodluck India,Jul 2022,130,india
Goodluck India,Oct 2022,44,india
Goodluck India,Jan 2023,49,india
Goodluck India,Apr 2023,94,india
Goodluck India,Jul 2023,73,india
Goodluck India,Oct 2023,87,india
Goodluck India,Jan 2024,94,india
Goodluck India,Apr 2024,98,india
Goodluck India,Jul 2024,43,india
Goodluck India,Oct 2024,7,india
Goodluck India,Jan 2025,10,india
Goodluck India,Apr 2025,14,india
Goodluck India,Jul 2025,29,india
Goodluck India,Oct 2025,12,india
Goodluck India,Jan 2026,14,india
Goodluck India,Apr 2026,13,india
Goodluck India,Jul 2026,6,india
Goodluck Industries,Jan 2015,21,india
Goodluck Industries,Apr 2015,19,india
Goodluck Industries,Jul 2015,26,india
Goodluck Industries,Oct 2015,22,india
Goodluck Industries,Apr 2016,1,india
Goodluck Industries,Jul 2016,21,india
Goodluck Industries,Oct 2016,19,india
Goodluck Industries,Jan 2017,35,india
Goodluck Industries,Apr 2017,37,india
Goodluck Industries,Jul 2017,35,india
Goodluck Industries,Oct 2017,10,india
Goodluck Industries,Jan 2018,1,india
Goodluck Industries,Oct 2018,2,india
Goodluck Industries,Jan 2019,2,india
Goodluck Industries,Apr 2019,2,india
Goodluck Industries,Jan 2020,2,india
Goodluck Industries,Apr 2020,5,india
Goodluck Industries,Jan 2021,4,india
Goodluck Industries,Apr 2021,1,india
Goodluck Industries,Apr 2022,1,india
Goodluck Industries,Oct 2022,2,india
Goodluck Industries,Jan 2023,2,india
Goodluck Industries,Apr 2023,5,india
Goodluck Industries,Jul 2023,2,india
Goodluck Industries,Jan 2024,4,india
Goodluck Industries,Apr 2024,2,india
Goodluck Industries,Jul 2024,126,india
Goodluck Industries,Oct 2024,86,india
Goodluck Industries,Jan 2025,120,india
Goodluck Industries,Apr 2025,116,india
Goodluck Industries,Jul 2025,100,india
Goodluck Industries,Oct 2025,132,india
Goodluck Industries,Jan 2026,140,india
Goodluck Industries,Apr 2026,118,india
Goodluck Industries,Jul 2026,63,india
Patton International,Jan 2015,65,india
Patton International,Apr 2015,84,india
Patton International,Jul 2015,60,india
Patton International,Oct 2015,32,india
Patton International,Jan 2016,29,india
Patton International,Apr 2016,39,india
Patton International,Jul 2016,36,india
Patton International,Oct 2016,61,india
Patton International,Jan 2017,26,india
Patton International,Apr 2017,53,india
Patton International,Jul 2017,21,india
Patton International,Oct 2017,31,india
Patton International,Jan 2018,19,india
Patton International,Apr 2018,57,india
Patton International,Jul 2018,29,india
Patton International,Oct 2018,10,india
Patton International,Jan 2019,11,india
Patton International,Oct 2021,1,india
Metamorphosis Engitech India Pvt Lt,Oct 2019,1,india
Metamorphosis Engitech India Pvt Lt,Jan 2020,5,india
Metamorphosis Engitech India Pvt Lt,Apr 2020,1,india
Metamorphosis Engitech India Pvt Lt,Jul 2020,9,india
Metamorphosis Engitech India Pvt Lt,Oct 2021,14,india
Metamorphosis Engitech India Pvt Lt,Jan 2022,16,india
Metamorphosis Engitech India Pvt Lt,Apr 2022,5,india
Metamorphosis Engitech India Pvt Lt,Jul 2022,10,india
Metamorphosis Engitech India Pvt Lt,Oct 2022,5,india
Metamorphosis Engitech India Pvt Lt,Jan 2023,18,india
Metamorphosis Engitech India Pvt Lt,Apr 2023,14,india
Metamorphosis Engitech India Pvt Lt,Jul 2023,6,india
Metamorphosis Engitech India Pvt Lt,Oct 2023,7,india
Metamorphosis Engitech India Pvt Lt,Jan 2024,14,india
Metamorphosis Engitech India Pvt Lt,Apr 2024,7,india
Metamorphosis Engitech India Pvt Lt,Jul 2024,14,india
Metamorphosis Engitech India Pvt Lt,Oct 2024,15,india
Metamorphosis Engitech India Pvt Lt,Jan 2025,15,india
Metamorphosis Engitech India Pvt Lt,Apr 2025,16,india
Metamorphosis Engitech India Pvt Lt,Jul 2025,13,india
Metamorphosis Engitech India Pvt Lt,Oct 2025,17,india
Metamorphosis Engitech India Pvt Lt,Jan 2026,28,india
Metamorphosis Engitech India Pvt Lt,Apr 2026,25,india
Metamorphosis Engitech India Pvt Lt,Jul 2026,11,india
Surya Roshni,Oct 2018,7,india
Surya Roshni,Jan 2019,1,india
Surya Roshni,Apr 2019,3,india
Surya Roshni,Jul 2019,2,india
Surya Roshni,Oct 2019,5,india
Surya Roshni,Jan 2020,1,india
Surya Roshni,Apr 2020,5,india
Surya Roshni,Jul 2020,2,india
Surya Roshni,Apr 2021,4,india
Surya Roshni,Jul 2021,3,india
Surya Roshni,Oct 2021,4,india
Surya Roshni,Jan 2022,4,india
Surya Roshni,Jan 2023,10,india
Surya Roshni,Apr 2023,11,india
Surya Roshni,Jul 2023,15,india
Surya Roshni,Oct 2023,21,india
Surya Roshni,Jan 2024,16,india
Surya Roshni,Apr 2024,18,india
Surya Roshni,Jul 2024,11,india
Surya Roshni,Oct 2024,5,india
Surya Roshni,Jan 2025,10,india
Surya Roshni,Apr 2025,11,india
Surya Roshni,Jul 2025,7,india
Surya Roshni,Oct 2025,3,india
Surya Roshni,Jan 2026,21,india
Surya Roshni,Apr 2026,17,india
Surya Roshni,Jul 2026,1,india
Garg Tube Export,Oct 2016,1,india
Garg Tube Export,Jan 2017,1,india
Garg Tube Export,Apr 2017,9,india
Garg Tube Export,Jul 2017,13,india
Garg Tube Export,Oct 2017,21,india
Garg Tube Export,Jan 2018,28,india
Garg Tube Export,Apr 2018,19,india
Garg Tube Export,Jul 2018,16,india
Garg Tube Export,Oct 2018,8,india
Garg Tube Export,Jan 2019,12,india
Garg Tube Export,Apr 2019,13,india
Garg Tube Export,Jul 2019,13,india
Garg Tube Export,Oct 2019,8,india
Garg Tube Export,Jul 2025,1,india
Garg Tube Export,Oct 2025,1,india
Garg Tube Export,Jan 2026,1,india
Garg Tube Export,Apr 2026,5,india
Garg Tube Export,Jul 2026,1,india
Smith Industrial Privat,Jan 2015,4,india
Smith Industrial Privat,Apr 2015,2,india
Smith Industrial Privat,Apr 2016,1,india
Smith Industrial Privat,Jul 2019,1,india
Smith Industrial Privat,Oct 2019,1,india
Smith Industrial Privat,Jul 2020,1,india
Smith Industrial Privat,Apr 2021,1,india
Smith Industrial Privat,Jan 2022,1,india
Smith Industrial Privat,Jul 2022,2,india
Smith Industrial Privat,Oct 2022,2,india
Smith Industrial Privat,Jan 2023,7,india
Smith Industrial Privat,Apr 2023,2,india
Smith Industrial Privat,Jul 2023,10,india
Smith Industrial Privat,Oct 2023,7,india
Smith Industrial Privat,Jan 2024,5,india
Smith Industrial Privat,Apr 2024,12,india
Smith Industrial Privat,Jul 2024,10,india
Smith Industrial Privat,Oct 2024,12,india
Smith Industrial Privat,Jan 2025,13,india
Smith Industrial Privat,Apr 2025,12,india
Smith Industrial Privat,Jul 2025,12,india
Smith Industrial Privat,Oct 2025,11,india
Smith Industrial Privat,Jan 2026,12,india
Smith Industrial Privat,Apr 2026,10,india
Smith Industrial Privat,Jul 2026,3,india
Apl Apollo Tubes,Jan 2015,8,india
Apl Apollo Tubes,Apr 2015,1,india
Apl Apollo Tubes,Jul 2015,7,india
Apl Apollo Tubes,Oct 2015,6,india
Apl Apollo Tubes,Jan 2016,6,india
Apl Apollo Tubes,Apr 2016,2,india
Apl Apollo Tubes,Jul 2016,5,india
Apl Apollo Tubes,Oct 2016,6,india
Apl Apollo Tubes,Apr 2017,4,india
Apl Apollo Tubes,Jul 2017,3,india
Apl Apollo Tubes,Oct 2017,7,india
Apl Apollo Tubes,Jan 2018,4,india
Apl Apollo Tubes,Apr 2018,5,india
Apl Apollo Tubes,Jul 2018,10,india
Apl Apollo Tubes,Oct 2018,1,india
Apl Apollo Tubes,Jan 2019,7,india
Apl Apollo Tubes,Apr 2019,8,india
Apl Apollo Tubes,Jul 2019,12,india
Apl Apollo Tubes,Oct 2019,2,india
Apl Apollo Tubes,Jan 2020,5,india
Apl Apollo Tubes,Apr 2020,6,india
Apl Apollo Tubes,Jul 2020,6,india
Apl Apollo Tubes,Oct 2020,7,india
Apl Apollo Tubes,Jan 2021,1,india
Apl Apollo Tubes,Apr 2021,2,india
Apl Apollo Tubes,Jul 2021,3,india
Apl Apollo Tubes,Oct 2021,2,india
Apl Apollo Tubes,Jan 2023,2,india
Apl Apollo Tubes,Jul 2023,7,india
Apl Apollo Tubes,Oct 2023,2,india
Apl Apollo Tubes,Apr 2024,4,india
Apl Apollo Tubes,Oct 2024,1,india
Apl Apollo Tubes,Apr 2025,1,india
Safewater Lines India,Jan 2015,2,india
Safewater Lines India,Jul 2021,4,india
Safewater Lines India,Oct 2021,2,india
Safewater Lines India,Jan 2022,4,india
Safewater Lines India,Jul 2022,1,india
Safewater Lines India,Jan 2023,8,india
Safewater Lines India,Apr 2023,35,india
Safewater Lines India,Jul 2023,7,india
Safewater Lines India,Oct 2023,3,india
Safewater Lines India,Jan 2024,19,india
Safewater Lines India,Apr 2024,5,india
Safewater Lines India,Jul 2024,8,india
Safewater Lines India,Oct 2024,6,india
Safewater Lines India,Jan 2025,5,india
Safewater Lines India,Apr 2025,6,india
Safewater Lines India,Jul 2025,7,india
Safewater Lines India,Oct 2025,2,india
Safewater Lines India,Jan 2026,1,india
Safewater Lines India,Apr 2026,4,india
Apollo Metalex,Jan 2019,2,india
Apollo Metalex,Oct 2019,6,india
Apollo Metalex,Apr 2020,5,india
Apollo Metalex,Jul 2020,3,india
Apollo Metalex,Oct 2020,14,india
Apollo Metalex,Jan 2021,14,india
Apollo Metalex,Jul 2021,4,india
Apollo Metalex,Oct 2021,1,india
Apollo Metalex,Jan 2022,3,india
Apollo Metalex,Oct 2022,3,india
Apollo Metalex,Jan 2023,2,india
Apollo Metalex,Apr 2023,1,india
Apollo Metalex,Jul 2023,3,india
Apollo Metalex,Oct 2023,3,india
Apollo Metalex,Jan 2024,5,india
Apollo Metalex,Apr 2024,7,india
Apollo Metalex,Jul 2024,2,india
Apollo Metalex,Oct 2024,3,india
Apollo Metalex,Jan 2025,3,india
Apollo Metalex,Apr 2025,2,india
Apollo Metalex,Jul 2025,8,india
Apollo Metalex,Oct 2025,11,india
Apollo Metalex,Jan 2026,10,india
Apollo Metalex,Apr 2026,1,india
Apollo Metalex,Jul 2026,1,india
Jindal India,Oct 2018,1,india
Jindal India,Jan 2019,16,india
Jindal India,Apr 2019,14,india
Jindal India,Jul 2019,18,india
Jindal India,Oct 2019,27,india
Jindal India,Jan 2020,26,india
Jindal India,Apr 2020,1,india
Jindal India,Jul 2020,1,india
Jindal India,Oct 2020,3,india
Jindal India,Oct 2023,1,india
Zenith Steel Pipes And Industries,Jan 2021,1,india
Zenith Steel Pipes And Industries,Apr 2021,6,india
Zenith Steel Pipes And Industries,Oct 2021,11,india
Zenith Steel Pipes And Industries,Jan 2022,3,india
Zenith Steel Pipes And Industries,Apr 2022,6,india
Zenith Steel Pipes And Industries,Jul 2022,11,india
Zenith Steel Pipes And Industries,Oct 2022,3,india
Zenith Steel Pipes And Industries,Jan 2023,3,india
Zenith Steel Pipes And Industries,Jul 2023,1,india
Zenith Steel Pipes And Industries,Oct 2023,3,india
Zenith Steel Pipes And Industries,Jan 2024,2,india
Zenith Steel Pipes And Industries,Apr 2024,3,india
Zenith Steel Pipes And Industries,Oct 2024,2,india
Zenith Steel Pipes And Industries,Jan 2025,2,india
Zenith Steel Pipes And Industries,Apr 2025,6,india
Zenith Steel Pipes And Industries,Jul 2025,3,india
