Consignee,Country of Destination,Country of Origin,Date,HS Code,HS Product Description,Notify Party Name,Port of Destination,Port of Origin,Product Description,Quantity,Shipper,Unit,Value $,_row_key,_page,_source_url
-,,India,,730630,"Other tubes, pipes and hollow profiles (for example, open seamed or welded, riveted or similarly closed), of iron or steel:, welded, of circular cross section, of iron or nonalloy steel:",-,,,TRANSFORMER MS TANK AND TRANSFORMER MS TANK PARTS GTC PART NO TGAB CUSTOM WELDED CON STRUCTION A STEEL ITEMS ROUTE TO GAB TA NK COVER GTC PART NO TGAB CUSTOM WELDED CONSTR A STL COVER AND MACHINED ITEM ROUTE TO GAB GTC PART NO TGAB CUSTOM WELD ED CONSTR AISI SSTL ITEMS ROUTE TO GAB GTC PART NO TGAB CUSTOM WELDED CONSTRU CTION A HOT ROLLED W SHAPE ROUTE TO GAB GTC PART NO RAD VALVES VIAT WORK ORD ER<br/>,0,-,,0,26153195266684883,partial_1,https://app.volza.com/workspace/search/24846653#Partial-View
-,,India,,7306305010,"Other tubes, pipes and hollow profiles (for example, open seamed or welded, riveted or similarly closed), of iron or steel:, welded, of circular cross section, of iron or nonalloy steel:, Other /note: See 9903.88.15 and U.S. note 16 to subchapter III, chapter 99., Suitable for use in boilers, superheaters, heat exchangers, condensers, refining furnaces and feedwater heaters, whether or not cold drawn",-,,,WELDED COLD DRAWN MECHANICAL CARBON TUBING,30,-,,0,26153195257303386,partial_1,https://app.volza.com/workspace/search/24846653#Partial-View
-,,Mexico,,730630,"Other tubes, pipes and hollow profiles (for example, open seamed or welded, riveted or similarly closed), of iron or steel:, welded, of circular cross section, of iron or nonalloy steel",-,,,PIPE ASM-TRANS FLUID CLR INL & OTLT,12,-,,0,26153195257291988,partial_1,https://app.volza.com/workspace/search/24846653#Partial-View
-,,India,,730630,"Other tubes, pipes and hollow profiles (for example, open seamed or welded, riveted or similarly closed), of iron or steel:, welded, of circular cross section, of iron or nonalloy steel",-,,,PRECISION TUBE,81,-,,0,26153195257194730,partial_1,https://app.volza.com/workspace/search/24846653#Partial-View
-,,India,,730630,"Other tubes, pipes and hollow profiles (for example, open seamed or welded, riveted or similarly closed), of iron or steel:, welded, of circular cross section, of iron or nonalloy steel",-,,,PRECISION TUBE,28,-,,0,26153195257190864,partial_1,https://app.volza.com/workspace/search/24846653#Partial-View
-,,India,,73063090,"Other tubes, pipes and hollow profiles (for example, open seamed or welded, riveted or similarly closed), of iron or steel:, welded, of circular cross section, of iron or nonalloy steel",-,,,ALUMINIUM PROFILES,70,-,,0,26153195256953993,partial_1,https://app.volza.com/workspace/search/24846653#Partial-View
-,,India,,73063090,"Other tubes, pipes and hollow profiles (for example, open seamed or welded, riveted or similarly closed), of iron or steel:, welded, of circular cross section, of iron or nonalloy steel",-,,,GI PIPES,24,-,,0,26153195256953994,partial_1,https://app.volza.com/workspace/search/24846653#Partial-View
-,,India,,73063090,"Other tubes, pipes and hollow profiles (for example, open seamed or welded, riveted or similarly closed), of iron or steel:, welded, of circular cross section, of iron or nonalloy steel",-,,,ALUMINIUM ALLOY EXTRUDED PRODUCTS,23,-,,0,26153195256953995,partial_1,https://app.volza.com/workspace/search/24846653#Partial-View
-,,India,,730630,"Other tubes, pipes and hollow profiles (for example, open seamed or welded, riveted or similarly closed), of iron or steel:, welded, of circular cross section, of iron or nonalloy steel:",-,,,PRECISION TUBE,79,-,,0,26153195256615519,partial_1,https://app.volza.com/workspace/search/24846653#Partial-View
-,,India,,730630,"Other tubes, pipes and hollow profiles (for example, open seamed or welded, riveted or similarly closed), of iron or steel:, welded, of circular cross section, of iron or nonalloy steel",-,,,PRECISION STEEL TUBES - CDW,25,-,,0,26153195255774862,partial_1,https://app.volza.com/workspace/search/24846653#Partial-View
-,,India,,730630,"Other tubes, pipes and hollow profiles (for example, open seamed or welded, riveted or similarly closed), of iron or steel:, welded, of circular cross section, of iron or nonalloy steel",-,,,"VARIOUS SIZES OF STEEL PIPE.ALL OTHER DETAILED,AS PER SALESORDER AND PO - .,SHIPPING TERMS: INCOTERMS -DDP CYHOUSTON,,TX. USA .LC NO. ILC DATED . .,ISSUED BYCITY NATIONAL BANK,LOS ANGELES,CA,USNET WT. . MTGROSS WT. . MTINCOT,ERM MENTIONED STRICTLY WITHOUT PREJUDICE TOTH",156,-,,0,25153195254812138,partial_1,https://app.volza.com/workspace/search/24846653#Partial-View
-,,India,,730630,"Other tubes, pipes and hollow profiles (for example, open seamed or welded, riveted or similarly closed), of iron or steel:, welded, of circular cross section, of iron or nonalloy steel",-,,,"PREFABRICATED STEEL BUILDING KIT OF PART S FO,R MODULAR STEEL UNITS",266,-,,0,25153195254292100,partial_1,https://app.volza.com/workspace/search/24846653#Partial-View
-,,India,,730630,"Other tubes, pipes and hollow profiles (for example, open seamed or welded, riveted or similarly closed), of iron or steel:, welded, of circular cross section, of iron or nonalloy steel",-,,,PRECISION TUBE (ERW/CEW CARBON TOTAL PACKAGES ONLY (TWENTY NINE PACKAGES ONLY) PRECISION TUBE (ERW/CEW CARBON STEEL MECHANICAL ROUND TUBE) HS CODE HBL NO MUM,29,-,,0,25153195255113910,partial_1,https://app.volza.com/workspace/search/24846653#Partial-View
-,,Mexico,,730630,"Other tubes, pipes and hollow profiles (for example, open seamed or welded, riveted or similarly closed), of iron or steel:, welded, of circular cross section, of iron or nonalloy steel",-,,,TUBERIA DE ACERO GALVANIZADO,26,-,,0,25153195255108141,partial_1,https://app.volza.com/workspace/search/24846653#Partial-View
-,,India,,730630,"Other tubes, pipes and hollow profiles (for example, open seamed or welded, riveted or similarly closed), of iron or steel:, welded, of circular cross section, of iron or nonalloy steel",-,,,EMT HOT DIPPED GALVANISED CONDUITS,46,-,,0,25153195253765527,partial_1,https://app.volza.com/workspace/search/24846653#Partial-View
-,,Mexico,,730630,"Other tubes, pipes and hollow profiles (for example, open seamed or welded, riveted or similarly closed), of iron or steel:, welded, of circular cross section, of iron or nonalloy steel",-,,,"PIPE ASM-F/TNK FIL (W/ FIL HOSE),NET WEIGHT .",13,-,,0,25153195253621184,partial_1,https://app.volza.com/workspace/search/24846653#Partial-View
-,,Canada,,730630,"Other tubes, pipes and hollow profiles (for example, open seamed or welded, riveted or similarly closed), of iron or steel:, welded, of circular cross section, of iron or nonalloy steel",-,,,"STEEL OR IRON PIPES & TUBES, WELDED, CIRCULAR,CROSS SECTION (NOT CAST) (UNDER . MM) AND,OTHER, TUBES, PIPES & HOLLOW PROFILES, WELDE,D, OF CIRCULAR CROSS-SECTION, OF IRON OR NO,N-ALLOY STEEL, N.E.S CERS NO (CANADA) P.O.R:,CERS AR",22,-,,0,25153195253674428,partial_1,https://app.volza.com/workspace/search/24846653#Partial-View
-,,India,,730630,"Other tubes, pipes and hollow profiles (for example, open seamed or welded, riveted or similarly closed), of iron or steel:, welded, of circular cross section, of iron or nonalloy steel",-,,,PCS ( BUNDLES) EMT GALVANISED CONDUITS AS PER UL APPROVAL. BOTH ENDS PLAIN PROTECTED WITH NO PLASTIC CAPS. IN THE LENGTH OF FEET ( . MTR.) LENGTH TOLERANCE MM.,51,-,,0,25153195254994587,partial_1,https://app.volza.com/workspace/search/24846653#Partial-View
-,,Mexico,,730630,"Other tubes, pipes and hollow profiles (for example, open seamed or welded, riveted or similarly closed), of iron or steel:, welded, of circular cross section, of iron or nonalloy steel",-,,,TUBERIA DE ACERO GALVANIZADO,55,-,,0,25153195253373756,partial_1,https://app.volza.com/workspace/search/24846653#Partial-View
-,,Mexico,,730630,"Other tubes, pipes and hollow profiles (for example, open seamed or welded, riveted or similarly closed), of iron or steel:, welded, of circular cross section, of iron or nonalloy steel:",-,,,TUBERIA PARA PERFORACION O SONDEO,79,-,,0,25153195253284298,partial_1,https://app.volza.com/workspace/search/24846653#Partial-View
-,,India,,73063090,"Other tubes, pipes and hollow profiles (for example, open seamed or welded, riveted or similarly closed), of iron or steel:, welded, of circular cross section, of iron or nonalloy steel:",-,,,GI PIPES,24,-,,0,25153195253137765,partial_1,https://app.volza.com/workspace/search/24846653#Partial-View
-,,India,,730630,"Other tubes, pipes and hollow profiles (for example, open seamed or welded, riveted or similarly closed), of iron or steel:, welded, of circular cross section, of iron or nonalloy steel:",-,,,GI PIPES,93,-,,0,25153195253137764,partial_1,https://app.volza.com/workspace/search/24846653#Partial-View
-,,Mexico,,730630,"Other tubes, pipes and hollow profiles (for example, open seamed or welded, riveted or similarly closed), of iron or steel:, welded, of circular cross section, of iron or nonalloy steel",-,,,PIPE ASM-TRANS FLUID CLR INL & OTLT,12,-,,0,25153195253070692,partial_1,https://app.volza.com/workspace/search/24846653#Partial-View
-,,Mexico,,730630,"Other tubes, pipes and hollow profiles (for example, open seamed or welded, riveted or similarly closed), of iron or steel:, welded, of circular cross section, of iron or nonalloy steel",-,,,TUBERIA DE ACERO GALVANIZADO,51,-,,0,25153195253034196,partial_1,https://app.volza.com/workspace/search/24846653#Partial-View
-,,India,,730630,"Other tubes, pipes and hollow profiles (for example, open seamed or welded, riveted or similarly closed), of iron or steel:, welded, of circular cross section, of iron or nonalloy steel",-,,,PRECISION TUBE,28,-,,0,25153195252941245,partial_1,https://app.volza.com/workspace/search/24846653#Partial-View
-,,Mexico,,730630,"Other tubes, pipes and hollow profiles (for example, open seamed or welded, riveted or similarly closed), of iron or steel:, welded, of circular cross section, of iron or nonalloy steel",-,,,"PIPE ASM-TRANS FLUID CLR INL & OTLT,HS CODE",10,-,,0,25153195252870281,partial_1,https://app.volza.com/workspace/search/24846653#Partial-View
-,,Mexico,,730630,"Other tubes, pipes and hollow profiles (for example, open seamed or welded, riveted or similarly closed), of iron or steel:, welded, of circular cross section, of iron or nonalloy steel",-,,,"PIPE ASM-F/TNK FIL (W/ FIL HOSE),NET WEIGHT . KGS",13,-,,0,25153195252873545,partial_1,https://app.volza.com/workspace/search/24846653#Partial-View
-,,India,,730630,"Other tubes, pipes and hollow profiles (for example, open seamed or welded, riveted or similarly closed), of iron or steel:, welded, of circular cross section, of iron or nonalloy steel",-,,,PRECISION STEEL TUBES - CDW,24,-,,0,25153195252479881,partial_1,https://app.volza.com/workspace/search/24846653#Partial-View
-,,India,,730630,"Other tubes, pipes and hollow profiles (for example, open seamed or welded, riveted or similarly closed), of iron or steel:, welded, of circular cross section, of iron or nonalloy steel",-,,,PRECISION STEEL TUBES - CDW,27,-,,0,25153195252479888,partial_1,https://app.volza.com/workspace/search/24846653#Partial-View
-,,India,,730630,"Other tubes, pipes and hollow profiles (for example, open seamed or welded, riveted or similarly closed), of iron or steel:, welded, of circular cross section, of iron or nonalloy steel",-,,,"PRECISION TUBE (ERW/CEW CARBON STEELMECHANICA,L ROUND TUBE)",27,-,,0,25153195252455719,partial_1,https://app.volza.com/workspace/search/24846653#Partial-View
-,,India,,73063090,"Other tubes, pipes and hollow profiles (for example, open seamed or welded, riveted or similarly closed), of iron or steel:, welded, of circular cross section, of iron or nonalloy steel",-,,,"OTHER TUBES, PIPES AND HOLLOW PROFILES OF IRO,IRON OR NON ALLOY STEEL (GALVANISED PIPES/,TUBES) HOLLOW SHAFT ROUND; WITH END CAP;,PACKAGING",46,-,,0,25153195252800915,partial_1,https://app.volza.com/workspace/search/24846653#Partial-View
-,,India,,73063090,"Other tubes, pipes and hollow profiles (for example, open seamed or welded, riveted or similarly closed), of iron or steel:, welded, of circular cross section, of iron or nonalloy steel",-,,,"OTHER TUBES, PIPES AND HOLLOW PROFILES OF IRO,IRON OR NON ALLOY STEEL (GALVANISED PIPES/,TUBES) HOLLOW SHAFT ROUND; WITH END CAP;,PACKAGING",44,-,,0,25153195252801366,partial_1,https://app.volza.com/workspace/search/24846653#Partial-View
-,,Canada,,7306305028,"Other tubes, pipes and hollow profiles (for example, open seamed or welded, riveted or similarly closed), of iron or steel:, welded, of circular cross section, of iron or nonalloy steel:, Other /note: See 9903.88.15 and U.S. note 16 to subchapter III, chapter 99., Internally coated or lined with a non-electrically insulating material, suitable for use as electrical conduit",-,,,ELECTRICAL PRODUCT,1,-,,0,25153195252347081,partial_1,https://app.volza.com/workspace/search/24846653#Partial-View
-,,India,,73063090,"Other tubes, pipes and hollow profiles (for example, open seamed or welded, riveted or similarly closed), of iron or steel:, welded, of circular cross section, of iron or nonalloy steel",-,,,"OTHER TUBES, PIPES AND HOLLOW PROFILES OF IRO,IRON OR NON ALLOY STEEL (GALVANISED PIPES/,TUBES) HOLLOW SHAFT ROUND; WITH END CAP;,PACKAGING",44,-,,0,25153195252291613,partial_1,https://app.volza.com/workspace/search/24846653#Partial-View
-,,India,,73063090,"Other tubes, pipes and hollow profiles (for example, open seamed or welded, riveted or similarly closed), of iron or steel:, welded, of circular cross section, of iron or nonalloy steel",-,,,"OTHER TUBES, PIPES AND HOLLOW PROFILES OF IRO,IRON OR NON ALLOY STEEL (GALVANISED PIPES/,TUBES) HOLLOW SHAFT ROUND; WITH END CAP;,PACKAGING",49,-,,0,25153195252291771,partial_1,https://app.volza.com/workspace/search/24846653#Partial-View
-,,India,,73063090,"Other tubes, pipes and hollow profiles (for example, open seamed or welded, riveted or similarly closed), of iron or steel:, welded, of circular cross section, of iron or nonalloy steel",-,,,"OTHER TUBES, PIPES AND HOLLOW PROFILES OF IRO,IRON OR NON ALLOY STEEL (GALVANISED PIPES/,TUBES) HOLLOW SHAFT ROUND; WITH END CAP;,PACKAGING",47,-,,0,25153195252291742,partial_1,https://app.volza.com/workspace/search/24846653#Partial-View
-,,Mexico,,730630,"Other tubes, pipes and hollow profiles (for example, open seamed or welded, riveted or similarly closed), of iron or steel:, welded, of circular cross section, of iron or nonalloy steel",-,,,"PIPE ASM-F/TNK FIL (W/ FIL HOSE),HS CODE",1,-,,0,25153195252211359,partial_1,https://app.volza.com/workspace/search/24846653#Partial-View
-,,India,,730630,"Other tubes, pipes and hollow profiles (for example, open seamed or welded, riveted or similarly closed), of iron or steel:, welded, of circular cross section, of iron or nonalloy steel",-,,,"HOT DIPPED GALVANIZED STEEL PIPE - PCS I,N IN X ' CONTAINER HOT DIPPED GALVANIZED ST,EEL PIPE AMPL/EXP/ - / INCOTERMS :,CIF PORT OF SPAIN PORT, TRINIDAD AND TOBAGO,LETTER OF CREDIT NUMBER ILC - DATE OF,ISSUE INVOICE NO. DT. .,. IEC SB NO: DT: /",1216,-,,0,25153195252158490,partial_1,https://app.volza.com/workspace/search/24846653#Partial-View
-,,Mexico,,730630,"Other tubes, pipes and hollow profiles (for example, open seamed or welded, riveted or similarly closed), of iron or steel:, welded, of circular cross section, of iron or nonalloy steel",-,,,"PIPE ASM-TRANS FLUID CLR INL & OTLT,HS CODE",12,-,,0,25153195252211449,partial_1,https://app.volza.com/workspace/search/24846653#Partial-View
-,,India,,730630,"Other tubes, pipes and hollow profiles (for example, open seamed or welded, riveted or similarly closed), of iron or steel:, welded, of circular cross section, of iron or nonalloy steel",-,,,"ZENITH BRAND HIGH FREQUENCY INDUCTION WELDED,SHIPPER LOAD AND COUNT",30,-,,0,25153195252077899,partial_1,https://app.volza.com/workspace/search/24846653#Partial-View
-,,Mexico,,730630,"Other tubes, pipes and hollow profiles (for example, open seamed or welded, riveted or similarly closed), of iron or steel:, welded, of circular cross section, of iron or nonalloy steel",-,,,"PIPE ASM-F/TNK FIL (W/ FIL HOSE),HS CODE",44,-,,0,25153195251598636,partial_1,https://app.volza.com/workspace/search/24846653#Partial-View
-,,India,,730630,"Other tubes, pipes and hollow profiles (for example, open seamed or welded, riveted or similarly closed), of iron or steel:, welded, of circular cross section, of iron or nonalloy steel",-,,,"OTHER TUBES, PIPES AND HOLLOW PROFILES (FOR E,XAMPL - PCS IN X ' CONTAINERS WELDED,BLACK STEEL ROUND PIPES. ALL OTHER DETAILS AR,E AS PER PROFORMA INVOICE NO.AMPL/EXP/ -,/ DT. . . . INVOICE NO DT.,. . SHIPPING BILL NO DT,/ / HS CODE IEC NO",100,-,,0,25153195251574859,partial_1,https://app.volza.com/workspace/search/24846653#Partial-View
-,,India,,73063090,"Other tubes, pipes and hollow profiles (for example, open seamed or welded, riveted or similarly closed), of iron or steel:, welded, of circular cross section, of iron or nonalloy steel",-,,,"OTHER TUBES, PIPES AND HOLLOW PROFILES OF,IRON OR NON ALLOY STEEL (GALVANISED PIPES,TUBES) HOLLOW SHAFT ROUND; WITH END CAP;,PACKAGING",39,-,,0,25153195251276123,partial_1,https://app.volza.com/workspace/search/24846653#Partial-View
-,,India,,730630,"Other tubes, pipes and hollow profiles (for example, open seamed or welded, riveted or similarly closed), of iron or steel:, welded, of circular cross section, of iron or nonalloy steel:",-,,,"GALVANIZED & BLACK PIPE ASTM A SCH GR A,SHIPPER LOAD AND COUNT",33,-,,0,25153195251085582,partial_1,https://app.volza.com/workspace/search/24846653#Partial-View
-,,India,,73063090,"Other tubes, pipes and hollow profiles (for example, open seamed or welded, riveted or similarly closed), of iron or steel:, welded, of circular cross section, of iron or nonalloy steel:",-,,,"OTHER TUBES, PIPES AND HOLLOW PROFILES OF,IRON OR NON ALLOY STEEL (GALVANISED PIPES,TUBES) HOLLOW SHAFT ROUND; WITH END CAP;,PACKAGING",39,-,,0,25153195250836924,partial_1,https://app.volza.com/workspace/search/24846653#Partial-View
-,,India,,73063090,"Other tubes, pipes and hollow profiles (for example, open seamed or welded, riveted or similarly closed), of iron or steel:, welded, of circular cross section, of iron or nonalloy steel:",-,,,"OTHER TUBES, PIPES AND HOLLOW PROFILES OF,IRON OR NON ALLOY STEEL (GALVANISED PIPES,TUBES) HOLLOW SHAFT ROUND; WITH END CAP;,PACKAGING",47,-,,0,25153195250836821,partial_1,https://app.volza.com/workspace/search/24846653#Partial-View
-,,India,,730630,"Other tubes, pipes and hollow profiles (for example, open seamed or welded, riveted or similarly closed), of iron or steel:, welded, of circular cross section, of iron or nonalloy steel:",-,,,PRECISION STEEL TUBES CDW,23,-,,0,25153195250886489,partial_1,https://app.volza.com/workspace/search/24846653#Partial-View
-,,India,,730630,"Other tubes, pipes and hollow profiles (for example, open seamed or welded, riveted or similarly closed), of iron or steel:, welded, of circular cross section, of iron or nonalloy steel:",-,,,VARIOUS SIZES OF STEEL PIPE,195,-,,0,25153195250734951,partial_1,https://app.volza.com/workspace/search/24846653#Partial-View
-,,India,,73063090,"Other tubes, pipes and hollow profiles (for example, open seamed or welded, riveted or similarly closed), of iron or steel, welded, of circular cross section, of iron or nonalloy steel",-,,,"OTHER TUBES, PIPES AND HOLLOW PROFILES OF,IRON OR NON ALLOY STEEL (GALVANISED PIPES,TUBES) HOLLOW SHAFT ROUND; WITH END CAP;,PACKAGING",47,-,,0,25153195250556985,partial_1,https://app.volza.com/workspace/search/24846653#Partial-View
-,,India,,73063090,"Other tubes, pipes and hollow profiles (for example, open seamed or welded, riveted or similarly closed), of iron or steel, welded, of circular cross section, of iron or nonalloy steel",-,,,"OTHER TUBES, PIPES AND HOLLOW PROFILES OF,IRON OR NON ALLOY STEEL (GALVANISED PIPES,TUBES) HOLLOW SHAFT ROUND; WITH END CAP;,PACKAGING",39,-,,0,25153195250557014,partial_1,https://app.volza.com/workspace/search/24846653#Partial-View
-,,India,,73063090,"Other tubes, pipes and hollow profiles (for example, open seamed or welded, riveted or similarly closed), of iron or steel, welded, of circular cross section, of iron or nonalloy steel",-,,,"OTHER TUBES, PIPES AND HOLLOW PROFILES OF,IRON OR NON ALLOY STEEL (GALVANISED PIPES,TUBES) HOLLOW SHAFT ROUND; WITH END CAP;,PACKAGING",39,-,,0,25153195250557051,partial_1,https://app.volza.com/workspace/search/24846653#Partial-View
-,,India,,73063090,"Other tubes, pipes and hollow profiles (for example, open seamed or welded, riveted or similarly closed), of iron or steel, welded, of circular cross section, of iron or nonalloy steel",-,,,"OTHER TUBES, PIPES AND HOLLOW PROFILES OF,IRON OR NON ALLOY STEEL (GALVANISED PIPES,TUBES) HOLLOW SHAFT ROUND; WITH END CAP;,PACKAGING",41,-,,0,25153195250559016,partial_1,https://app.volza.com/workspace/search/24846653#Partial-View
-,,Canada,,7306301000,"Other tubes, pipes and hollow profiles (for example, open seamed or welded, riveted or similarly closed), of iron or steel:, welded, of circular cross section, of iron or nonalloy steel:, Having a wall thickness of less than 1.65 mm /note: See 9903.88.15 and U.S. note 16 to subchapter III, chapter 99.",-,,,"POST, HS ;WASHER , FLAT HS ,,WASHER, SPLIT HS ; BOLT,; NUT,POR: CERS FS",10,-,,0,25153195250273616,partial_1,https://app.volza.com/workspace/search/24846653#Partial-View
-,,India,,730630,"Other tubes, pipes and hollow profiles (for example, open seamed or welded, riveted or similarly closed), of iron or steel:, welded, of circular cross section, of iron or nonalloy steel:",-,,,PRECISION TUBE,32,-,,0,25153195250186791,partial_1,https://app.volza.com/workspace/search/24846653#Partial-View
-,,Mexico,,730630,"Other tubes, pipes and hollow profiles (for example, open seamed or welded, riveted or similarly closed), of iron or steel, welded, of circular cross section, of iron or nonalloy steel",-,,,"OTHER TUBES,PIPES AND HOLLOW PROFILES (FOR E XAMPL - TUBERIA DE ACERO GALVANIZADO TIPO EMT",27,-,,0,25153195251773513,partial_1,https://app.volza.com/workspace/search/24846653#Partial-View
-,,Mexico,,730630,"Other tubes, pipes and hollow profiles (for example, open seamed or welded, riveted or similarly closed), of iron or steel, welded, of circular cross section, of iron or nonalloy steel",-,,,"OTHER TUBES,PIPES AND HOLLOW PROFILES (FOR E XAMPL - TUBERIA DE ACERO GALVANIZADO TIPO EMT Y CODOS",39,-,,0,25153195251773512,partial_1,https://app.volza.com/workspace/search/24846653#Partial-View
-,,Mexico,,730630,"Other tubes, pipes and hollow profiles (for example, open seamed or welded, riveted or similarly closed), of iron or steel, welded, of circular cross section, of iron or nonalloy steel",-,,,"OTHER TUBES,PIPES AND HOLLOW PROFILES (FOR E XAMPL - TUBERIA DE ACERO GALVANIZADO TIPO EMT",25,-,,0,25153195251773509,partial_1,https://app.volza.com/workspace/search/24846653#Partial-View
-,,Mexico,,730630,"Other tubes, pipes and hollow profiles (for example, open seamed or welded, riveted or similarly closed), of iron or steel, welded, of circular cross section, of iron or nonalloy steel",-,,,"OTHER TUBES,PIPES AND HOLLOW PROFILES (FOR E XAMPL - TUBERIA DE ACERO GALVANIZADO TIPO EMT",25,-,,0,25153195251773514,partial_1,https://app.volza.com/workspace/search/24846653#Partial-View
-,,Mexico,,730630,"Other tubes, pipes and hollow profiles (for example, open seamed or welded, riveted or similarly closed), of iron or steel, welded, of circular cross section, of iron or nonalloy steel",-,,,"OTHER TUBES,PIPES AND HOLLOW PROFILES (FOR E XAMPL - TUBERIA DE ACERO GALVANIZADO TIPO EMT",26,-,,0,25153195251773507,partial_1,https://app.volza.com/workspace/search/24846653#Partial-View
-,,Mexico,,730630,"Other tubes, pipes and hollow profiles (for example, open seamed or welded, riveted or similarly closed), of iron or steel, welded, of circular cross section, of iron or nonalloy steel",-,,,TUBERIA DE ACERO GALVANIZADO RIGIDO,16,-,,0,25153195251783029,partial_1,https://app.volza.com/workspace/search/24846653#Partial-View
-,,Mexico,,730630,"Other tubes, pipes and hollow profiles (for example, open seamed or welded, riveted or similarly closed), of iron or steel, welded, of circular cross section, of iron or nonalloy steel",-,,,"OTHER TUBES,PIPES AND HOLLOW PROFILES (FOR E XAMPL - TUBERIA DE ACERO GALVANIZADO TIPO EMT Y RIGIDO",28,-,,0,25153195251773508,partial_1,https://app.volza.com/workspace/search/24846653#Partial-View
-,,Mexico,,730630,"Other tubes, pipes and hollow profiles (for example, open seamed or welded, riveted or similarly closed), of iron or steel, welded, of circular cross section, of iron or nonalloy steel",-,,,"OTHER TUBES,PIPES AND HOLLOW PROFILES (FOR E XAMPL - TUBERIA DE ACERO GALVANIZADO TIPO EMT",27,-,,0,25153195251773510,partial_1,https://app.volza.com/workspace/search/24846653#Partial-View
-,,Mexico,,730630,"Other tubes, pipes and hollow profiles (for example, open seamed or welded, riveted or similarly closed), of iron or steel, welded, of circular cross section, of iron or nonalloy steel",-,,,"OTHER TUBES,PIPES AND HOLLOW PROFILES (FOR E XAMPL - TUBERIA DE ACERO GALVANIZADO TIPO EMT Y CODOS TUBOS RIGIDOS DE ALUMINIO",46,-,,0,25153195251773511,partial_1,https://app.volza.com/workspace/search/24846653#Partial-View
-,,India,,730630,"Other tubes, pipes and hollow profiles (for example, open seamed or welded, riveted or similarly closed), of iron or steel:, welded, of circular cross section, of iron or nonalloy steel:",-,,,"X HC CONTAINER TOTAL,PACKAGES ONLY (TWENTY-FIVE BUNDELS,ONLY) PRECISION,TUBE (ERW/CEW CARBON STEEL,MECHANICAL ROUND TUBE) HTS CODE,EXPORT,INVOICE- EX DATE-",25,-,,0,25153195249753181,partial_1,https://app.volza.com/workspace/search/24846653#Partial-View
-,,India,,730630,"Other tubes, pipes and hollow profiles (for example, open seamed or welded, riveted or similarly closed), of iron or steel:, welded, of circular cross section, of iron or nonalloy steel:",-,,,"PRECISION TUBE,X HC CONTAINER TOTAL,PACKAGES ONLY (FIFTY-FIVE BUNDELS,ONLY) PRECISION,TUBE (ERW/CEW CARBON STEEL,MECHANICAL ROUND TUBE) HTS CODE,EXPORT",27,-,,0,25153195249752071,partial_1,https://app.volza.com/workspace/search/24846653#Partial-View
-,,India,,730630,"Other tubes, pipes and hollow profiles (for example, open seamed or welded, riveted or similarly closed), of iron or steel:, welded, of circular cross section, of iron or nonalloy steel:",-,,,"PRECISION STEEL TUBES - CDW,QTY /HEX BUNDLE COMMODITY,PRECISION STEEL TUBES - CDW HS,CODE,PO NUMBER & DT. TP DT. -,JUN- , TP DT. -MAY- ,,TP DT. -",23,-,,0,25153195249735368,partial_1,https://app.volza.com/workspace/search/24846653#Partial-View
-,,India,,730630,"Other tubes, pipes and hollow profiles (for example, open seamed or welded, riveted or similarly closed), of iron or steel:, welded, of circular cross section, of iron or nonalloy steel:",-,,,"PRECISION STEEL TUBES,QTY /HEX BUNDLE COMMODITY,PRECISION STEEL TUBES - CDW PO,NUMBER & DT.,TP DT. -JUN- , TP DT.,-MAY- , TP DT. -MAY- ,,S.B.NO",20,-,,0,25153195249735369,partial_1,https://app.volza.com/workspace/search/24846653#Partial-View
-,,India,,730630,"Other tubes, pipes and hollow profiles (for example, open seamed or welded, riveted or similarly closed), of iron or steel:, welded, of circular cross section, of iron or nonalloy steel:",-,,,"PRECISION TUBE (ERW/CEW CARBON,STEEL MECHANICAL ROUND TUBE) HTS,CODE",28,-,,0,25153195249752072,partial_1,https://app.volza.com/workspace/search/24846653#Partial-View
-,,India,,730630,"Other tubes, pipes and hollow profiles (for example, open seamed or welded, riveted or similarly closed), of iron or steel:, welded, of circular cross section, of iron or nonalloy steel:",-,,,"HOT DIPPED WELDED GALVANIZED STEEL PIPE -,PCS IN BUNDLES IN X ' CONTAINERS FI,RST PRIME MATERIAL FROM NEW PRODUCTION, HOT D,IPPED WELDED GALVANIZED STEEL PIPES FOR PO,LES, ALL OTHER DETAILS ARE AS PER PROFORMA IN,VOICE NUMBER NTL/EXP/ / - DATE . .,DELIVERY TERMS : CIF PORT OF SPAIN - TRINI",32,-,,0,25153195249754778,partial_1,https://app.volza.com/workspace/search/24846653#Partial-View
-,,India,,730630,"Other tubes, pipes and hollow profiles (for example, open seamed or welded, riveted or similarly closed), of iron or steel:, welded, of circular cross section, of iron or nonalloy steel:",-,,,"QTY /HEX BUNDLE COMMODITY,PRECISION STEEL TUBES - CDW HS,CODE,PO NO & DATE TP DT. -MAY-,, TP DT. -MAY- , TP,DT. -,JUN- , TP DT. -MAY- ,",29,-,,0,25153195249735367,partial_1,https://app.volza.com/workspace/search/24846653#Partial-View
-,,Canada,,7306305028,"Other tubes, pipes and hollow profiles (for example, open seamed or welded, riveted or similarly closed), of iron or steel:, welded, of circular cross section, of iron or nonalloy steel:, Other /note: See 9903.88.15 and U.S. note 16 to subchapter III, chapter 99., Internally coated or lined with a non-electrically insulating material, suitable for use as electrical conduit",-,,,ELECTRICAL PRODUCT,2,-,,0,25153195249728663,partial_1,https://app.volza.com/workspace/search/24846653#Partial-View
-,,India,,73063090,"Other tubes, pipes and hollow profiles (for example, open seamed or welded, riveted or similarly closed), of iron or steel:, welded, of circular cross section, of iron or nonalloy steel:",-,,,"OTHER TUBES, PIPES AND HOLLOW PROFILES OF,IRON OR NON ALLOY STEEL (GALVANISED PIPES/,TUBES) HOLLOW SHAFT ROUND; WITH END CAP;,PACKAGING",49,-,,0,25153195249826996,partial_1,https://app.volza.com/workspace/search/24846653#Partial-View
-,,India,,730630,"Other tubes, pipes and hollow profiles (for example, open seamed or welded, riveted or similarly closed), of iron or steel:, welded, of circular cross section, of iron or nonalloy steel:",-,,,PRECISION TUBE,72,-,,0,25153195249819396,partial_1,https://app.volza.com/workspace/search/24846653#Partial-View
-,,India,,730630,"Other tubes, pipes and hollow profiles (for example, open seamed or welded, riveted or similarly closed), of iron or steel:, welded, of circular cross section, of iron or nonalloy steel:",-,,,PRECISION STEEL TUBES - CDW,23,-,,0,25153195249813517,partial_1,https://app.volza.com/workspace/search/24846653#Partial-View
-,,India,,730630,"Other tubes, pipes and hollow profiles (for example, open seamed or welded, riveted or similarly closed), of iron or steel:, welded, of circular cross section, of iron or nonalloy steel:",-,,,PRECISION STEEL TUBES - CDW,24,-,,0,25153195249813544,partial_1,https://app.volza.com/workspace/search/24846653#Partial-View
-,,India,,73063090,"Other tubes, pipes and hollow profiles (for example, open seamed or welded, riveted or similarly closed), of iron or steel:, welded, of circular cross section, of iron or nonalloy steel:",-,,,"OTHER TUBES, PIPES AND HOLLOW PROFILES OF,IRON OR NON ALLOY STEEL (GALVANISED PIPES/,TUBES) HOLLOW SHAFT ROUND; WITH END CAP;,PACKAGING",49,-,,0,25153195249827030,partial_1,https://app.volza.com/workspace/search/24846653#Partial-View
-,,India,,730630,"Other tubes, pipes and hollow profiles (for example, open seamed or welded, riveted or similarly closed), of iron or steel:, welded, of circular cross section, of iron or nonalloy steel:",-,,,PRECISION STEEL TUBES - CDW,21,-,,0,25153195249813526,partial_1,https://app.volza.com/workspace/search/24846653#Partial-View
-,,India,,73063090,"Other tubes, pipes and hollow profiles (for example, open seamed or welded, riveted or similarly closed), of iron or steel:, welded, of circular cross section, of iron or nonalloy steel:",-,,,"OTHER TUBES, PIPES AND HOLLOW PROFILES OF,IRON OR NON ALLOY STEEL (GALVANISED PIPES/,TUBES) HOLLOW SHAFT ROUND; WITH END CAP",49,-,,0,25153195249463137,partial_1,https://app.volza.com/workspace/search/24846653#Partial-View
-,,India,,730630,"Other tubes, pipes and hollow profiles (for example, open seamed or welded, riveted or similarly closed), of iron or steel:, welded, of circular cross section, of iron or nonalloy steel:",-,,,PRECISION STEEL TUBES - CDW,23,-,,0,25153195249253021,partial_1,https://app.volza.com/workspace/search/24846653#Partial-View
-,,India,,730630,"Other tubes, pipes and hollow profiles (for example, open seamed or welded, riveted or similarly closed), of iron or steel:, welded, of circular cross section, of iron or nonalloy steel:",-,,,PRECISION STEEL TUBES - CDW,24,-,,0,25153195249253060,partial_1,https://app.volza.com/workspace/search/24846653#Partial-View
-,,India,,730630,"Other tubes, pipes and hollow profiles (for example, open seamed or welded, riveted or similarly closed), of iron or steel:, welded, of circular cross section, of iron or nonalloy steel:",-,,,PRECISION STEEL TUBES - CDW,21,-,,0,25153195249253025,partial_1,https://app.volza.com/workspace/search/24846653#Partial-View
-,,India,,730630,"Other tubes, pipes and hollow profiles (for example, open seamed or welded, riveted or similarly closed), of iron or steel:, welded, of circular cross section, of iron or nonalloy steel:",-,,,PRECISION TUBE,72,-,,0,25153195249262837,partial_1,https://app.volza.com/workspace/search/24846653#Partial-View
-,,India,,730630,"Other tubes, pipes and hollow profiles (for example, open seamed or welded, riveted or similarly closed), of iron or steel:, welded, of circular cross section, of iron or nonalloy steel:",-,,,PRECISION STEEL TUBES,23,-,,0,25153195249254853,partial_1,https://app.volza.com/workspace/search/24846653#Partial-View
-,,India,,73063090,"Other tubes, pipes and hollow profiles (for example, open seamed or welded, riveted or similarly closed), of iron or steel:, welded, of circular cross section, of iron or nonalloy steel:",-,,,"OTHER TUBES, PIPES AND HOLLOW PROFILES OF,OF IRON OR NON ALLOY STEEL,(GALVANISED PIPES/TUBES) HOLLOW SHAFT ROUND,WITH END CAP; PACKAGING",41,-,,0,25153195249191859,partial_1,https://app.volza.com/workspace/search/24846653#Partial-View
-,,India,,73063090,"Other tubes, pipes and hollow profiles (for example, open seamed or welded, riveted or similarly closed), of iron or steel:, welded, of circular cross section, of iron or nonalloy steel:",-,,,"OTHER TUBES, PIPES AND HOLLOW PROFILES OF,IRON OR NON ALLOY STEEL (GALVANISED PIPES/,TUBES) HOLLOW SHAFT ROUND; WITH END CAP;,PACKAGING",51,-,,0,25153195249192467,partial_1,https://app.volza.com/workspace/search/24846653#Partial-View
-,,India,,73063090,"Other tubes, pipes and hollow profiles (for example, open seamed or welded, riveted or similarly closed), of iron or steel:, welded, of circular cross section, of iron or nonalloy steel:",-,,,"OTHER TUBES, PIPES AND HOLLOW PROFILES OF,OF IRON OR NON ALLOY STEEL,(GALVANISED PIPES/TUBES) HOLLOW SHAFT ROUND,WITH END CAP; PACKAGING",41,-,,0,25153195249192097,partial_1,https://app.volza.com/workspace/search/24846653#Partial-View
-,,India,,730630,"Other tubes, pipes and hollow profiles (for example, open seamed or welded, riveted or similarly closed), of iron or steel:, welded, of circular cross section, of iron or nonalloy steel:",-,,,"ERW BLACK STEEL PIPESH.S. CODE 73063090S.B N,O. 3178284 DATE 30062025IEC NO. 0591047519CI,F TORONTO ONTARIO CANADAFREIGHT PREPAID",38,-,,0,25153195249188900,partial_1,https://app.volza.com/workspace/search/24846653#Partial-View
-,,Canada,,730630,"Other tubes, pipes and hollow profiles (for example, open seamed or welded, riveted or similarly closed), of iron or steel:, welded, of circular cross section, of iron or nonalloy steel:",-,,,"COMMODITY: 210230 ROD EXT M/F 1220 39R HM38 R,ET 220547 ROD TUN M/M 4300 DM35 35H HM38 C 22,0549 ROD TUN M/M 3700 DM35 35H HM38 C 220603,ROD TUN M/M 2480 DM28 28H R32 C 250160 ROD CL,R TPR 1220 22H 108X11 C 250161 ROD CLR TPR 1,830 22H 108X11 C 250162 ROD CLR TPR 2440 22H,108X11 C 250183 ROD CLR TPR 0610 22H 108X11",30,-,,0,25153195249040531,partial_1,https://app.volza.com/workspace/search/24846653#Partial-View
-,,India,,730630,"Other tubes, pipes and hollow profiles (for example, open seamed or welded, riveted or similarly closed), of iron or steel:, welded, of circular cross section, of iron or nonalloy steel:",-,,,PRECISION TUBE,32,-,,0,25153195249047380,partial_1,https://app.volza.com/workspace/search/24846653#Partial-View
-,,India,,730630,"Other tubes, pipes and hollow profiles (for example, open seamed or welded, riveted or similarly closed), of iron or steel:, welded, of circular cross section, of iron or nonalloy steel:",-,,,"ERW BLACK STEEL PIPESH.S. CODE 73063090S.B N,O. 3178284 DATE 30062025IEC NO. 0591047519C,IF TORONTO ONTARIO CANADAFREIGHT PREPAID",138,-,,0,25153195248746934,partial_1,https://app.volza.com/workspace/search/24846653#Partial-View
-,,India,,730630,"Other tubes, pipes and hollow profiles (for example, open seamed or welded, riveted or similarly closed), of iron or steel:, welded, of circular cross section, of iron or nonalloy steel:",-,,,"ERW BLACK STEEL PIPES S.B NO 3178704 DATE 3,0062025 H.S. CODE 7306.3090 IEC NO. 05910475,19 FREIGHT PREPAID CIF TORONTO ONTARIO CANADA",23,-,,0,25153195248746589,partial_1,https://app.volza.com/workspace/search/24846653#Partial-View
-,,India,,730630,"Other tubes, pipes and hollow profiles (for example, open seamed or welded, riveted or similarly closed), of iron or steel:, welded, of circular cross section, of iron or nonalloy steel:",-,,,"HOT DIPPED GALVANIZED STEEL PIPES - 1465 PCS,IN 1 X40' CONTAINERS HOT DIPPED GALVANIZED S,TEEL PIPES. ALL OTHER DETAILS AS PER PROFORMA,INVOICE NO. AMPL/EXP/2024-25/078 DATED 12.02,.2025 INVOICE NO2592800252 DT. 28.06.2025 S/B,NO: 3132419 DT 29.06.2025 IEC CODE:05060600,39 HS CODE:73063090 NET WEIGHT (KGS): 25,530",1465,-,,0,25153195248871676,partial_1,https://app.volza.com/workspace/search/24846653#Partial-View
