Actual Duty,Bill of Lading,Carrier Name,Consignee,Consignee Address,Consignee Country,Consignee Name Native,Container No/ID,Container TEU,Country of Destination,Country of Origin,Date,Freight Term,Gross Weight,HS Code,HS Product Description,Incoterms,Marks Number,Master Bill of Lading,Measurment,Net Weight,No of Packages,Notify Party Address,Notify Party Name,Packages Quantity,Packages Type,Port of Delivery,Port of Destination,Port of Origin,Product Description,Product Description Native,Quantity,Shipment Mode,Shipper,Shipper Address,Shipper Name Native,Source Country,Std. Quantity,Std. Unit,Std. Unit Rate $,Unit,Unit Rate $,Value $,Vessel Name,_row_key,_page,_source_url,district_provavel
,AJIQLIYIN25F1247,,Georgia Transformer Corporation,2789 Hwy 21 S,UNITED STATES,,MSCU4480901,2,United States,India,2026-02-04T00:00:00,-,24254,730630,"Other tubes, pipes and hollow profiles (for example, open seamed or welded, riveted or similarly closed), of iron or steel:, welded, of circular cross section, of iron or nonalloy steel:",,GEORGIA TRANSFORMER CORP PURCHASE ORDER NO 57,MEDUWP029525,0,24254,,Nebbi Padyere,Deogratis Ofoyrwoth,,,-,Not Available,Not Available,TRANSFORMER MS TANK AND TRANSFORMER MS TANK PARTS GTC PART NO TGAB CUSTOM WELDED CON STRUCTION A STEEL ITEMS ROUTE TO GAB TA NK COVER GTC PART NO TGAB CUSTOM WELDED CONSTR A STL COVER AND MACHINED ITEM ROUTE TO GAB GTC PART NO TGAB CUSTOM WELD ED CONSTR AISI SSTL ITEMS ROUTE TO GAB GTC PART NO TGAB CUSTOM WELDED CONSTRU CTION A HOT ROLLED W SHAPE ROUTE TO GAB GTC PART NO RAD VALVES VIAT WORK ORD ER<br/>,,0,Not Available,MPP Technologies Pvt Ltd,"81, KIADB Industrial Area, 1st Phase Antharasanahalli",,,0,PKG,0.0,PKG,,0,MSC SHANELLE V,26153195266684883,page_1,https://app.volza.com/workspace/search/24846649#Shipments,
,AMYTAGLSP02042,,Sourcing Systems Intl,"6100 219th Street SW, Suite 480 Mountlake Terrace",United States,,KOCU4314011,0,United States,India,2026-02-03T00:00:00,-,19870,7306305010,"Other tubes, pipes and hollow profiles (for example, open seamed or welded, riveted or similarly closed), of iron or steel:, welded, of circular cross section, of iron or nonalloy steel:, Other /note: See 9903.88.15 and U.S. note 16 to subchapter III, chapter 99., Suitable for use in boilers, superheaters, heat exchangers, condensers, refining furnaces and feedwater heaters, whether or not cold drawn",,NO MARKS,HDMUDELM03853600,0,0,,"6100 219th Street SW, Suite 480 Mountlake Terrace",Sourcing Systems Intl,,,-,Savannah,OP India,WELDED COLD DRAWN MECHANICAL CARBON TUBING,,30,Not Available,Good Luck Industries,Sikandrabad Industrial Area,,,30,PKG,0.0,PKG,,0,ONE MARVEL,26153195257303386,page_1,https://app.volza.com/workspace/search/24846649#Shipments,"Savannah, GA"
,BWLESSZ59435725,,SKF USA Inc.,9444 Balboa Ave. Suite 150,United States,,SEGU5628241,0,United States,Brazil,2026-02-03T00:00:00,-,556,848210,"Ball or roller bearings, and parts thereof:, Ball bearings",,SKF/BRASIL,HLCUSS5251253862,0,0,,9444 Balboa Ave. Suite 150,SKF USA Inc.,,,-,Charleston,OP Brazil,DEEP GROOVE BALL,,4,Not Available,SKF DO Brasil Ltda,"Rod Anhanguera, Km 30",,,4,UNT,0.0,WDC,,0,MAERSK MONTE ALEGRE,26153195257323498,page_1,https://app.volza.com/workspace/search/24846649#Shipments,"Charleston, SC"
,HLCUME3QA29041AA,,Uzauto Motor JSC,"81, Humo Street, Asaka",-,,GCXU5302618,0,United States,Mexico,2026-02-02T00:00:00,-,5284,730630,"Other tubes, pipes and hollow profiles (for example, open seamed or welded, riveted or similarly closed), of iron or steel:, welded, of circular cross section, of iron or nonalloy steel",,".,2170-I,29549",HLCUME3260129041,0,0,,"81, Humo Street, Asaka",Uzauto Motor JSC,,,-,Miami,OP Mexico,PIPE ASM-TRANS FLUID CLR INL & OTLT,,12,Not Available,Mann & Hummel Mexico S.A. de C.V.,Parque Ind. Queretaro Vialidad El Pueblito No. 104 MX,,,12,NOS,0.0,PCS,,0,GSL MARIA,26153195257291988,page_1,https://app.volza.com/workspace/search/24846649#Shipments,"Miami, FL"
,CCLLBOMS25127029,,Salem Steel NA LLC,80 Route 4 East Suite 168,United States,,"CAAU5555675,HAMU2178803,UETU6194749",0,United States,India,2026-01-31T00:00:00,-,63790,730630,"Other tubes, pipes and hollow profiles (for example, open seamed or welded, riveted or similarly closed), of iron or steel:, welded, of circular cross section, of iron or nonalloy steel",,"01-26 PACKAGES,01-27 PACKAGES,01-28 PACKAGES",HLCUBO12512AZFE3,1,0,,80 Route 4 East Suite 168,Salem Steel NA LLC,,,-,Norfolk,JNPT,PRECISION TUBE,,81,Not Available,Metamorphosis Engitech India Pvt Ltd,"Gat No. - 56/3/4, 5 Village Pimple, Jagtap, Taluka Shirur",,,81,PKG,0.0,PKG,,0,TOLTEN,26153195257194730,page_1,https://app.volza.com/workspace/search/24846649#Shipments,"Norfolk, VA"
,CCLLBOMS25126948,,Salem Steel NA LLC,80 Route 4 East Suite 168,United States,,BEAU4189760,0,United States,India,2026-01-31T00:00:00,-,21290,730630,"Other tubes, pipes and hollow profiles (for example, open seamed or welded, riveted or similarly closed), of iron or steel:, welded, of circular cross section, of iron or nonalloy steel",,01-28 PACKAGES,HLCUBO12512AVZX1,0,0,,80 Route 4 East Suite 168,Salem Steel NA LLC,,,-,Norfolk,JNPT,PRECISION TUBE,,28,Not Available,Metamorphosis Engitech India Pvt Ltd,"Gat No. - 56/3/4, 5 Village Pimple, Jagtap, Taluka Shirur",,,28,PKG,0.0,PKG,,0,TOLTEN,26153195257190864,page_1,https://app.volza.com/workspace/search/24846649#Shipments,"Norfolk, VA"
,,,HIDROMEK HIDROLIK VE MEKANIK MAKI,AHI EVRAN OSB MH. OSMANLI CD.NO:1 SANKARA 06 06935,MARSHALL ISLANDS,,MSMU7989148,0,United States,Mexico,2026-01-31T00:00:00,-,18480,848210,"Ball or roller bearings, and parts thereof:, Ball bearings",,NO MARKS,MEDUXF727291,0,0,,AHI EVRAN OSB MH. OSMANLI CD.NO:1 SANKARA 06 06935,HIDROMEK HIDROLIK VE MEKANIK MAKI,,,-,Houston,OP Mexico,"BALL OR ROLLER BEARINGS - BALL BEARINGS - BAL,L SLEWING RING",,6,Not Available,Liebherr Monterrey S de RL de CV,Carretera Monterrey Garcia,,,6,PKG,0.0,PKG,,0,MSC ANSHIKA VI,26153195257227923,page_1,https://app.volza.com/workspace/search/24846649#Shipments,"Houston-Galveston, TX"
,DSVFAMD8098798,,Schaeffler Group USA Inc,3900 S Range Line Road,United States,,TCLU9507062,0,United States,India,2026-01-28T00:00:00,-,3478,848210,"Ball or roller bearings, and parts thereof:, Ball bearings",,33260318,HLCUBO1251265928,0,0,,-,Z To Order and NA,,,-,Charleston,JNPT,"AUTOMOTIVE PARTSDEEP GROOVE BALL BEARINGCYLIN,DRICAL ROLLER BEARINGHSN CODE : /,INV. NO. SI DATE : . .,SB NO. DATE : . . NET WT : ,,. KGS",,11,Not Available,Schaeffler India Ltd,"Survey No. 950 Rayakottah Road, Krishnagiri District",,,11,PKG,0.0,PKG,,0,TUCAPEL,26153195256940663,page_1,https://app.volza.com/workspace/search/24846649#Shipments,"Charleston, SC"
,CHSL538783968BOM,,Z To Order and NA,-,Canada,,"CSLU6053232,OOCU6986452,TEMU7728230",0,United States,India,2026-01-28T00:00:00,-,111330,73063090,"Other tubes, pipes and hollow profiles (for example, open seamed or welded, riveted or similarly closed), of iron or steel:, welded, of circular cross section, of iron or nonalloy steel",,"1-22,1-24",COSU6439534350,0,0,,-,Z To Order and NA,,,-,New York,Mundra,ALUMINIUM PROFILES,,70,Not Available,Z To Order and NA,-,,,70,PKG,0.0,PKG,,0,KOI,26153195256953993,page_1,https://app.volza.com/workspace/search/24846649#Shipments,"New York, NY"
,DSVFAMD8099391,,Schaeffler Group USA Inc,3900 S Range Line Road,United States,,MSNU7276726,0,United States,India,2026-01-28T00:00:00,-,678,848210,"Ball or roller bearings, and parts thereof:, Ball bearings",,3 PKG,MEDUP4944344,0,0,,-,Z To Order and NA,,,-,New York Newark Area Newark New Jersey,JNPT,"THRUST BEARINGSHSCODE: / /,INV NO: DT: SBNO:,DT:",,3,Not Available,Excellent Engineering Corporation,"5, GIDC Makarpura",,,3,PKG,0.0,PKG,,0,MSC KRYSTAL,26153195256947454,page_1,https://app.volza.com/workspace/search/24846649#Shipments,"New York, NY"
,CHSL538783968BOM,,Z To Order and NA,-,Canada,,CSLU6231838,0,United States,India,2026-01-28T00:00:00,-,111330,73063090,"Other tubes, pipes and hollow profiles (for example, open seamed or welded, riveted or similarly closed), of iron or steel:, welded, of circular cross section, of iron or nonalloy steel",,1-24,COSU6439534350,0,0,,-,Z To Order and NA,,,-,New York,Mundra,GI PIPES,,24,Not Available,Z To Order and NA,-,,,24,PKG,0.0,PKG,,0,KOI,26153195256953994,page_1,https://app.volza.com/workspace/search/24846649#Shipments,"New York, NY"
,CHSL538783968BOM,,Z To Order and NA,-,Canada,,CSLU6288052,0,United States,India,2026-01-28T00:00:00,-,111330,73063090,"Other tubes, pipes and hollow profiles (for example, open seamed or welded, riveted or similarly closed), of iron or steel:, welded, of circular cross section, of iron or nonalloy steel",,1-23,COSU6439534350,0,0,,-,Z To Order and NA,,,-,New York,Mundra,ALUMINIUM ALLOY EXTRUDED PRODUCTS,,23,Not Available,Z To Order and NA,-,,,23,PKG,0.0,PKG,,0,KOI,26153195256953995,page_1,https://app.volza.com/workspace/search/24846649#Shipments,"New York, NY"
,DSVFAMD8098945,,Schaeffler Group USA Inc,3900 S Range Line Road,United States,,TCLU9507062,0,United States,India,2026-01-28T00:00:00,-,967,848210,"Ball or roller bearings, and parts thereof:, Ball bearings",,33278536,HLCUBO1251265928,0,0,,-,Z To Order and NA,,,-,Charleston,JNPT,"AUTOMOTIVE PARTSDEEP GROOVE BALL BEARINGHSN C,ODE : / INV. NO. - SI,INV. DATE - / / SB NO. D,ATE : . . NET WT : . KGS",,4,Not Available,Schaeffler India Ltd,"Survey No. 950 Rayakottah Road, Krishnagiri District",,,4,PKG,0.0,PKG,,0,TUCAPEL,26153195256940674,page_1,https://app.volza.com/workspace/search/24846649#Shipments,"Charleston, SC"
,DSVFAMD8099002,,Schaeffler Group USA Inc,3900 S Range Line Road,United States,,TCLU9507062,0,United States,India,2026-01-28T00:00:00,-,1687,848210,"Ball or roller bearings, and parts thereof:, Ball bearings",,33287793,HLCUBO1251265928,0,0,,-,Z To Order and NA,,,-,Charleston,JNPT,"AUTOMOTIVE PARTSANGULAR CONTACT BALL BEARINGC,YLINDRICAL ROLLER BEARINGHSN CODE : /,INV. NO. - SI INV. DA,TE - / / SB NO. DATE : . .,NET WT : , . KGS",,8,Not Available,Schaeffler India Ltd,"Survey No. 950 Rayakottah Road, Krishnagiri District",,,8,PKG,0.0,PKG,,0,TUCAPEL,26153195256940675,page_1,https://app.volza.com/workspace/search/24846649#Shipments,"Charleston, SC"
,DSVFAMD8098801,,Schaeffler Group USA Inc,3900 S Range Line Road,United States,,TCLU9507062,0,United States,India,2026-01-28T00:00:00,-,1629,848210,"Ball or roller bearings, and parts thereof:, Ball bearings",,33260311,HLCUBO1251265928,0,0,,-,Z To Order and NA,,,-,Charleston,JNPT,"AUTOMOTIVE PARTSDEEP GROOVE BALL BEARINGHSN C,ODE : INV. NO. SI DATE :,. . SB NO. DATE : . . NET,WT : , . KGS",,5,Not Available,Schaeffler India Ltd,"Survey No. 950 Rayakottah Road, Krishnagiri District",,,5,PKG,0.0,PKG,,0,TUCAPEL,26153195256940667,page_1,https://app.volza.com/workspace/search/24846649#Shipments,"Charleston, SC"
,DSVFAMD8098849,,Schaeffler Group USA Inc,3900 S Range Line Road,United States,,TCLU9507062,0,United States,India,2026-01-28T00:00:00,-,1991,848210,"Ball or roller bearings, and parts thereof:, Ball bearings",,33268049,HLCUBO1251265928,0,0,,-,Z To Order and NA,,,-,Charleston,JNPT,"AUTOMOTIVE PARTSDEEP GROOVE BALL BEARINGANGUL,AR CONTACT BALL BEARINGHSN CODE : INV,OICE NO. - SI INV. DATE - / /,SB NO. DATE : . . NET WT :,. KGS",,6,Not Available,Schaeffler India Ltd,"Survey No. 950 Rayakottah Road, Krishnagiri District",,,6,PKG,0.0,PKG,,0,TUCAPEL,26153195256940670,page_1,https://app.volza.com/workspace/search/24846649#Shipments,"Charleston, SC"
,DSVFAMD8097763,,Schaeffler Group USA Inc,3900 S Range Line Road,United States,,ONEU0364035,0,United States,India,2026-01-24T00:00:00,-,178,848210,"Ball or roller bearings, and parts thereof:, Ball bearings",,33113841,ONEYMUMFB0152600,0,0,,-,Z To Order and NA,,,-,Charleston,JNPT,"AUTOMOTIVE PARTSANGULAR CONTACT BALL BEARINGC,YLINDRICAL ROLLER BEARINGHSN CODE : /,INV. NO. - SI INV. DA,TE - / / SB NO. DATE : . .,NET WT : . KGS",,1,Not Available,Schaeffler India Ltd,"Survey No. 950 Rayakottah Road, Krishnagiri District",,,1,PKG,0.0,PKG,,0,ONE MAJESTY,26153195256749598,page_1,https://app.volza.com/workspace/search/24846649#Shipments,"Charleston, SC"
,DSVFAMD8097729,,Schaeffler Group USA Inc,3900 S Range Line Road,United States,,NYKU4721920,0,United States,India,2026-01-24T00:00:00,-,4370,848210,"Ball or roller bearings, and parts thereof:, Ball bearings",,33112355,ONEYMUMFB0154800,0,0,,-,Z To Order and NA,,,-,Charleston,JNPT,"AUTOMOTIVE PARTSANGULAR CONTACT BALL BEARINGH,SN CODE : INV. NO. - SI,INV. DATE - / / SB NO. DATE :,. . NET WT : . KGS",,20,Not Available,Schaeffler India Ltd,"Survey No. 950 Rayakottah Road, Krishnagiri District",,,20,PKG,0.0,PKG,,0,ONE MAJESTY,26153195256749575,page_1,https://app.volza.com/workspace/search/24846649#Shipments,"Charleston, SC"
,DSVFAMD8098652,,Schaeffler Group USA Inc,3900 S Range Line Road,United States,,ONEU0364035,0,United States,India,2026-01-24T00:00:00,-,2276,848210,"Ball or roller bearings, and parts thereof:, Ball bearings",,33228426,ONEYMUMFB0152600,0,0,,-,Z To Order and NA,,,-,Charleston,JNPT,"AUTOMOTIVE PARTSDEEP GROOVE BALL BEARINGTAPER,ED ROLLER BEARINGCYLINDRICAL ROLLER BEARINGAN,GULAR CONTACT BALL BEARINGHSN CODE :,/ / / / INV. N,O. - SI INV. DATE - / / SB,NO. DATE : . . NET WT : , .,KGS",,6,Not Available,Schaeffler India Ltd,"Survey No. 950 Rayakottah Road, Krishnagiri District",,,6,PKG,0.0,PKG,,0,ONE MAJESTY,26153195256749600,page_1,https://app.volza.com/workspace/search/24846649#Shipments,"Charleston, SC"
,DSVFAMD8098697,,Schaeffler Group USA Inc,3900 S Range Line Road,United States,,ONEU0443509,0,United States,India,2026-01-24T00:00:00,-,1000,848210,"Ball or roller bearings, and parts thereof:, Ball bearings",,33227598,ONEYMUMFB1198300,0,0,,-,Z To Order and NA,,,-,Charleston,JNPT,"AUTOMOTIVE PARTSDEEP GROOVE BALL BEARINGANGUL,AR CONTACT BALL BEARINGCYLINDRICAL ROLLER BEA,RINGHSN CODE : / / INVO,ICE NO. - SI INV. DATE - / /,SB NO. DATE : . . NET WT :,. KGS",,3,Not Available,Schaeffler India Ltd,"Survey No. 950 Rayakottah Road, Krishnagiri District",,,3,PKG,0.0,PKG,,0,ONE MAJESTY,26153195256749634,page_1,https://app.volza.com/workspace/search/24846649#Shipments,"Charleston, SC"
,DSVFAMD8097739,,Schaeffler Group USA Inc,3900 S Range Line Road,United States,,NYKU4721920,0,United States,India,2026-01-24T00:00:00,-,6381,848210,"Ball or roller bearings, and parts thereof:, Ball bearings",,33112360,ONEYMUMFB0154800,0,0,,-,Z To Order and NA,,,-,Charleston,JNPT,"AUTOMOTIVE PARTSDEEP GROOVE BALL BEARINGHSN C,ODE : INV. NO. - SI INVO,ICE DATE - / / SB NO. DATE : .,. NET WT : , . KGS",,25,Not Available,Schaeffler India Ltd,"Survey No. 950 Rayakottah Road, Krishnagiri District",,,25,PKG,0.0,PKG,,0,ONE MAJESTY,26153195256749577,page_1,https://app.volza.com/workspace/search/24846649#Shipments,"Charleston, SC"
,DSVFAMD8098700,,Schaeffler Group USA Inc,3900 S Range Line Road,United States,,ONEU0443509,0,United States,India,2026-01-24T00:00:00,-,2768,848210,"Ball or roller bearings, and parts thereof:, Ball bearings",,33230514,ONEYMUMFB1198300,0,0,,-,Z To Order and NA,,,-,Charleston,JNPT,"AUTOMOTIVE PARTSDEEP GROOVE BALL BEARINGCYLIN,DRICAL ROLLER BEARINGSPHERICAL ROLLER BEARING,HSN CODE : / / INV.,NO. - SI INV. DATE - / / S,B NO. DATE : . . NET WT : .,KGS",,18,Not Available,Schaeffler India Ltd,"Survey No. 950 Rayakottah Road, Krishnagiri District",,,18,PKG,0.0,PKG,,0,ONE MAJESTY,26153195256749637,page_1,https://app.volza.com/workspace/search/24846649#Shipments,"Charleston, SC"
,DSVFAMD8098698,,Schaeffler Group USA Inc,3900 S Range Line Road,United States,,ONEU0443509,0,United States,India,2026-01-24T00:00:00,-,673,848210,"Ball or roller bearings, and parts thereof:, Ball bearings",,33228423,ONEYMUMFB1198300,0,0,,-,Z To Order and NA,,,-,Charleston,JNPT,"AUTOMOTIVE PARTSDEEP GROOVE BALL BEARINGTAPER,ED ROLLER BEARINGANGULAR CONTACT BALL BEARING,CYLINDRICAL ROLLER BEARINGOUTER RINGTRACK ROL,LERSPHERICAL ROLLER BEARINGHSN CODE :,/ / / / /,INV. NO. - SI INV. DATE -,/ / SB NO. DATE : . . NET WT",,3,Not Available,Schaeffler India Ltd,"Survey No. 950 Rayakottah Road, Krishnagiri District",,,3,PKG,0.0,PKG,,0,ONE MAJESTY,26153195256749635,page_1,https://app.volza.com/workspace/search/24846649#Shipments,"Charleston, SC"
,DSVFAMD8098587,,Schaeffler Group USA Inc,3900 S Range Line Road,United States,,ONEU0443509,0,United States,India,2026-01-24T00:00:00,-,385,848210,"Ball or roller bearings, and parts thereof:, Ball bearings",,33207983,ONEYMUMFB1198300,0,0,,-,Z To Order and NA,,,-,Charleston,JNPT,"AUTOMOTIVE PARTSANGULAR CONTACT BALL BEARINGT,APERED ROLLER BEARINGTRACK ROLLERCYLINDRICAL,ROLLER BEARINGHSN CODE : / /,/ / / / INV,OICE NO. - SI INV. DATE - / /,SB NO. DATE : . . NET WT :,. KGS",,2,Not Available,Schaeffler India Ltd,"Survey No. 950 Rayakottah Road, Krishnagiri District",,,2,PKG,0.0,PKG,,0,ONE MAJESTY,26153195256749627,page_1,https://app.volza.com/workspace/search/24846649#Shipments,"Charleston, SC"
,DSVFAMD8098699,,Schaeffler Group USA Inc,3900 S Range Line Road,United States,,ONEU0443509,0,United States,India,2026-01-24T00:00:00,-,2986,848210,"Ball or roller bearings, and parts thereof:, Ball bearings",,33231410,ONEYMUMFB1198300,0,0,,-,Z To Order and NA,,,-,Charleston,JNPT,"AUTOMOTIVE PARTSDEEP GROOVE BALL BEARINGHSN C,ODE : INV. NO. - SI INVO,ICE DATE - / / SB NO. DATE : .,. NET WT : . KGS",,10,Not Available,Schaeffler India Ltd,"Survey No. 950 Rayakottah Road, Krishnagiri District",,,10,PKG,0.0,PKG,,0,ONE MAJESTY,26153195256749636,page_1,https://app.volza.com/workspace/search/24846649#Shipments,"Charleston, SC"
,CCLLBOMS25126733,,Salem Steel NA LLC,80 Route 4 East Suite 168,United States,,"FFAU2099889,HAMU1325427,SEKU6318190",0,United States,India,2026-01-22T00:00:00,-,63930,730630,"Other tubes, pipes and hollow profiles (for example, open seamed or welded, riveted or similarly closed), of iron or steel:, welded, of circular cross section, of iron or nonalloy steel:",,"01-26 PACKAGES,01-27 PACKAGES",HLCUBO1251299738,1,0,,80 Route 4 East Suite 168,Salem Steel NA LLC,,,-,Norfolk,JNPT,PRECISION TUBE,,79,Not Available,Metamorphosis Engitech India Pvt Ltd,"Gat No. - 56/3/4, 5 Village Pimple, Jagtap, Taluka Shirur",,,79,PKG,0.0,PKG,,0,TUCAPEL,26153195256615519,page_1,https://app.volza.com/workspace/search/24846649#Shipments,"Norfolk, VA"
,DSVFCPQ0056580,,Schaeffler Group USA Inc,3900 S Range Line Road,United States,,HLBU3133336,0,United States,Brazil,2026-01-21T00:00:00,-,2887,848210,"Ball or roller bearings, and parts thereof:, Ball bearings",,SCHAEFFLER BRASIL LTDA,HLCUSS5251150961,0,0,,-,Z To Order and NA,,,-,Charleston,OP Brazil,SPACER RING OF HIGH CARBON STEEL,,15,Not Available,Schaeffler Brasil Ltda,Avenida Independencia 3500 Bairro Eden C P 18087-101,,,15,PKG,0.0,PKG,,0,MAERSK MONTE AZUL,26153195256379411,page_1,https://app.volza.com/workspace/search/24846649#Shipments,"Charleston, SC"
,DSVFCPQ0056586,,Schaeffler Group USA Inc,3900 S Range Line Road,United States,,HLBU3133336,0,United States,Brazil,2026-01-21T00:00:00,-,280,848210,"Ball or roller bearings, and parts thereof:, Ball bearings",,SCHAEFFLER BRASIL LTDA,HLCUSS5251150961,0,0,,-,Z To Order and NA,,,-,Charleston,OP Brazil,"FOUR-POINT CONTACT BALL BEARING PREDOMINANTLY,IN STEEL",,1,Not Available,Schaeffler Brasil Ltda,Avenida Independencia 3500 Bairro Eden C P 18087-101,,,1,PKG,0.0,PKG,,0,MAERSK MONTE AZUL,26153195256379414,page_1,https://app.volza.com/workspace/search/24846649#Shipments,"Charleston, SC"
,DSVFCPQ0056578,,Schaeffler Group USA Inc,3900 S Range Line Road,United States,,HLBU3133336,0,United States,Brazil,2026-01-21T00:00:00,-,216,848210,"Ball or roller bearings, and parts thereof:, Ball bearings",,SCHAEFFLER BRASIL LTDA,HLCUSS5251150961,0,0,,-,Z To Order and NA,,,-,Charleston,OP Brazil,CAGE MADE OF PLASTIC FOR RADIAL LOAD BEARING,,8,Not Available,Schaeffler Brasil Ltda,Avenida Independencia 3500 Bairro Eden C P 18087-101,,,8,PKG,0.0,PKG,,0,MAERSK MONTE AZUL,26153195256379410,page_1,https://app.volza.com/workspace/search/24846649#Shipments,"Charleston, SC"
,DSVFCPQ0054504,,Schaeffler Group USA Inc,3900 S Range Line Road,United States,,HLBU3133336,0,United States,Brazil,2026-01-21T00:00:00,-,4608,848210,"Ball or roller bearings, and parts thereof:, Ball bearings",,SCHAEFFLER BRASIL LTDA,HLCUSS5251150961,0,0,,-,Z To Order and NA,,,-,Charleston,OP Brazil,SPACER RING OF HIGH CARBON STEEL,,16,Not Available,Schaeffler Brasil Ltda,Avenida Independencia 3500 Bairro Eden C P 18087-101,,,16,PKG,0.0,PKG,,0,MAERSK MONTE AZUL,26153195256379407,page_1,https://app.volza.com/workspace/search/24846649#Shipments,"Charleston, SC"
,DSVFCPQ0056581,,Schaeffler Group USA Inc,3900 S Range Line Road,United States,,HLBU3133336,0,United States,Brazil,2026-01-21T00:00:00,-,115,848210,"Ball or roller bearings, and parts thereof:, Ball bearings",,SCHAEFFLER BRASIL LTDA,HLCUSS5251150961,0,0,,-,Z To Order and NA,,,-,Charleston,OP Brazil,"BALL BEARING FOR RADIAL/AXIAL LOAD WITH HOUS,ING",,2,Not Available,Schaeffler Brasil Ltda,Avenida Independencia 3500 Bairro Eden C P 18087-101,,,2,PKG,0.0,PKG,,0,MAERSK MONTE AZUL,26153195256379412,page_1,https://app.volza.com/workspace/search/24846649#Shipments,"Charleston, SC"
,DSVFCPQ0056576,,Schaeffler Group USA Inc,3900 S Range Line Road,United States,,HLBU3133336,0,United States,Brazil,2026-01-21T00:00:00,-,3333,848210,"Ball or roller bearings, and parts thereof:, Ball bearings",,SCHAEFFLER BRASIL LTDA??,HLCUSS5251150961,0,0,,-,Z To Order and NA,,,-,Charleston,OP Brazil,SOCKET PLUNGER HYDRAULIC LASH ADJUSTER,,11,Not Available,Schaeffler Brasil Ltda,Avenida Independencia 3500 Bairro Eden C P 18087-101,,,11,PKG,0.0,PKG,,0,MAERSK MONTE AZUL,26153195256379409,page_1,https://app.volza.com/workspace/search/24846649#Shipments,"Charleston, SC"
,DSVFCPQ0056584,,Schaeffler Group USA Inc,3900 S Range Line Road,United States,,HLBU3133336,0,United States,Brazil,2026-01-21T00:00:00,-,150,848210,"Ball or roller bearings, and parts thereof:, Ball bearings",,SCHAEFFLER BRASIL LTDA??,HLCUSS5251150961,0,0,,-,Z To Order and NA,,,-,Charleston,OP Brazil,"ANGULAR CONTACT BALL BEARING PREDOMINANTLY IN,STEEL",,1,Not Available,Schaeffler Brasil Ltda,Avenida Independencia 3500 Bairro Eden C P 18087-101,,,1,PKG,0.0,PAL,,0,MAERSK MONTE AZUL,26153195256379413,page_1,https://app.volza.com/workspace/search/24846649#Shipments,"Charleston, SC"
,DSVFCPQ0056573,,Schaeffler Group USA Inc,3900 S Range Line Road,United States,,HLBU3133336,0,United States,Brazil,2026-01-21T00:00:00,-,5122,848210,"Ball or roller bearings, and parts thereof:, Ball bearings",,SCHAEFFLER BRASIL LTDA,HLCUSS5251150961,0,0,,-,Z To Order and NA,,,-,Charleston,OP Brazil,MARCO MONTAD ARC COIL SPRING,,14,Not Available,Schaeffler Brasil Ltda,Avenida Independencia 3500 Bairro Eden C P 18087-101,,,14,PKG,0.0,PKG,,0,MAERSK MONTE AZUL,26153195256379408,page_1,https://app.volza.com/workspace/search/24846649#Shipments,"Charleston, SC"
,BWLESSZ59416189,,NSK Canada Inc.,5585 Macadam Road,Canada,,HAMU3664728,0,United States,Brazil,2026-01-16T00:00:00,-,556,848210,"Ball or roller bearings, and parts thereof:, Ball bearings",,NSK BRASIL/NSK CANADA,HLCUSS5251204662,0,0,,5585 Macadam Road,NSK Canada Inc.,,,-,New York Newark Area Newark New Jersey,OP Brazil,BALL BEARINGS,,37,Not Available,NSK Brasil Ltda.,"Avenida Vereador Joao Batista Fitipaldi, 66 - Vila Maluf",,,37,PKG,0.0,PKG,,0,MAERSK MONTE AZUL,26153195256079636,page_1,https://app.volza.com/workspace/search/24846649#Shipments,"New York, NY"
,DSVFAMD8097756,,Schaeffler Group USA Inc,3900 S Range Line Road,United States,,NYKU5207936,0,United States,India,2026-01-16T00:00:00,-,37,848210,"Ball or roller bearings, and parts thereof:, Ball bearings",,33113839,ONEYMUMFA6517900,0,0,,-,Z To Order and NA,,,-,Charleston,JNPT,"AUTOMOTIVE PARTSDEEP GROOVE BALL BEARINGSPHER,ICAL ROLLER BEARINGCYLINDRICAL ROLLER BEARING,HSN CODE : / / INV.,NO. - SI INV. DATE - / / S,B NO. DATE : . . NET WT : .,KGS",,1,Not Available,Schaeffler India Ltd,"Survey No. 950 Rayakottah Road, Krishnagiri District",,,1,PKG,0.0,PKG,,0,CAP ANDREAS,26153195256046930,page_1,https://app.volza.com/workspace/search/24846649#Shipments,"Charleston, SC"
,DSVFAMD8097757,,Schaeffler Group USA Inc,3900 S Range Line Road,United States,,NYKU5207936,0,United States,India,2026-01-16T00:00:00,-,947,848210,"Ball or roller bearings, and parts thereof:, Ball bearings",,33117661,ONEYMUMFA6517900,0,0,,-,Z To Order and NA,,,-,Charleston,JNPT,"AUTOMOTIVE PARTSANGULAR CONTACT BALL BEARINGC,YLINDRICAL ROLLER BEARINGTAPERED ROLLER BEARI,NGSPHERICAL ROLLER BEARINGHSN CODE :,/ / / / /,INV. NO. - SI INV. DATE - /,/ SB NO. DATE : . . NET WT,: . KGS",,4,Not Available,Schaeffler India Ltd,"Survey No. 950 Rayakottah Road, Krishnagiri District",,,4,PKG,0.0,PKG,,0,CAP ANDREAS,26153195256046931,page_1,https://app.volza.com/workspace/search/24846649#Shipments,"Charleston, SC"
,DSVFAMD8098095,,Schaeffler Group USA Inc,3900 S Range Line Road,United States,,NYKU5207936,0,United States,India,2026-01-16T00:00:00,-,3617,848210,"Ball or roller bearings, and parts thereof:, Ball bearings",,33143618,ONEYMUMFA6517900,0,0,,-,Z To Order and NA,,,-,Charleston,JNPT,"AUTOMOTIVE PARTSANGULAR CONTACT BALL BEARINGC,YLINDRICAL ROLLER BEARINGDEEP GROOVE BALL BEA,RINGHSN CODE : / INV. NO. -,SI INV. DATE - / / SB NO.,DATE : . . NET WT : , . K,GS",,16,Not Available,Schaeffler India Ltd,"Survey No. 950 Rayakottah Road, Krishnagiri District",,,16,PKG,0.0,PKG,,0,CAP ANDREAS,26153195256046934,page_1,https://app.volza.com/workspace/search/24846649#Shipments,"Charleston, SC"
,DSVFAMD8098104,,Schaeffler Group USA Inc,3900 S Range Line Road,United States,,NYKU5207936,0,United States,India,2026-01-16T00:00:00,-,1056,848210,"Ball or roller bearings, and parts thereof:, Ball bearings",,33149884,ONEYMUMFA6517900,0,0,,-,Z To Order and NA,,,-,Charleston,JNPT,"AUTOMOTIVE PARTSANGULAR CONTACT BALL BEARINGC,YLINDRICAL ROLLER BEARINGTAPERED ROLLER BEARI,NGDEEP GROOVE BALL BEARINGHSN CODE :,/ / / / INV. N,O. - SI INV. DATE - / / SB,NO. DATE : . . NET WT : .,KGS",,3,Not Available,Schaeffler India Ltd,"Survey No. 950 Rayakottah Road, Krishnagiri District",,,3,PKG,0.0,PKG,,0,CAP ANDREAS,26153195256046942,page_1,https://app.volza.com/workspace/search/24846649#Shipments,"Charleston, SC"
,DSVFAMD8097734,,Schaeffler Group USA Inc,3900 S Range Line Road,United States,,FDCU0614077,0,United States,India,2026-01-16T00:00:00,-,337,848210,"Ball or roller bearings, and parts thereof:, Ball bearings",,33113842,ONEYMUMFA4889500,0,0,,-,Z To Order and NA,,,-,Charleston,JNPT,"AUTOMOTIVE PARTSANGULAR CONTACT BALL BEARINGC,YLINDRICAL ROLLER BEARINGSPHERICAL ROLLER BEA,RINGDEEP GROOVE BALL BEARINGHSN CODE :,/ / / INV. NO. - SI,INV. DATE - / / SB NO.,DATE : . . NET WT : . KGS",,2,Not Available,Schaeffler India Ltd,"Survey No. 950 Rayakottah Road, Krishnagiri District",,,2,PKG,0.0,PKG,,0,CAP ANDREAS,26153195256046068,page_1,https://app.volza.com/workspace/search/24846649#Shipments,"Charleston, SC"
,DSVFAMD8097750,,Schaeffler Group USA Inc,3900 S Range Line Road,United States,,NYKU5207936,0,United States,India,2026-01-16T00:00:00,-,71,848210,"Ball or roller bearings, and parts thereof:, Ball bearings",,33113838,ONEYMUMFA6517900,0,0,,-,Z To Order and NA,,,-,Charleston,JNPT,"AUTOMOTIVE PARTSANGULAR CONTACT BALL BEARINGC,YLINDRICAL ROLLER BEARINGHSN CODE : /,INV. NO. - SI INV. DA,TE - / / SB NO. DATE : . .,NET WT : . KGS",,1,Not Available,Schaeffler India Ltd,"Survey No. 950 Rayakottah Road, Krishnagiri District",,,1,PKG,0.0,PKG,,0,CAP ANDREAS,26153195256046928,page_1,https://app.volza.com/workspace/search/24846649#Shipments,"Charleston, SC"
,DSVFAMD8098097,,Schaeffler Group USA Inc,3900 S Range Line Road,United States,,NYKU5207936,0,United States,India,2026-01-16T00:00:00,-,535,848210,"Ball or roller bearings, and parts thereof:, Ball bearings",,33143613,ONEYMUMFA6517900,0,0,,-,Z To Order and NA,,,-,Charleston,JNPT,"AUTOMOTIVE PARTSANGULAR CONTACT BALL BEARINGC,YLINDRICAL ROLLER BEARINGTAPERED ROLLER BEARI,NGTRACK ROLLERHSN CODE : / /,/ / INV. NO. - SI,INV. DATE - / / SB NO.,DATE : . . NET WT : . KGS",,2,Not Available,Schaeffler India Ltd,"Survey No. 950 Rayakottah Road, Krishnagiri District",,,2,PKG,0.0,PKG,,0,CAP ANDREAS,26153195256046936,page_1,https://app.volza.com/workspace/search/24846649#Shipments,"Charleston, SC"
,DSVFAMD8097749,,Schaeffler Group USA Inc,3900 S Range Line Road,United States,,NYKU5207936,0,United States,India,2026-01-16T00:00:00,-,311,848210,"Ball or roller bearings, and parts thereof:, Ball bearings",,33108360,ONEYMUMFA6517900,0,0,,-,Z To Order and NA,,,-,Charleston,JNPT,"AUTOMOTIVE PARTSANGULAR CONTACT BALL BEARINGC,YLINDRICAL ROLLER BEARINGDEEP GROOVE BALL BEA,RINGTAPERED ROLLER BEARINGHSN CODE :,/ / / / INV. N,O. - SI INV. DATE - / / SB,NO. DATE : . . NET WT : .,KGS",,1,Not Available,Schaeffler India Ltd,"Survey No. 950 Rayakottah Road, Krishnagiri District",,,1,PKG,0.0,PKG,,0,CAP ANDREAS,26153195256046927,page_1,https://app.volza.com/workspace/search/24846649#Shipments,"Charleston, SC"
,,,REILO LOGISTICA ADUANAL S DE R L DE C V,"BOULEVARD ALFONSO ZARAGOZAMAYTORENA NO. 1809, INT. L12,DESARROLLO URBANO TRES RIOS, C.P.",-,,TCEU7160442,0,United States,Mexico,2026-01-15T00:00:00,-,3949,848210,"Ball or roller bearings, and parts thereof:, Ball bearings",,,HLCUNG12511AYXT1,0,0,,-,Z To Order and NA,,,-,Los Angeles,Manzanillo,"ANGULAR CONTACT BALL BEARING,AC COMPRESSOR,A/C AUTO COMPRESSORS,EVAPORATOR,XTEL,XXMEXICO,TAX ID RLA DJ",,172,Not Available,Z To Order and NA,-,,,172,NOS,0.0,PCS,,0,NYK JOANNA,26153195256340149,page_1,https://app.volza.com/workspace/search/24846649#Shipments,"Los Angeles, CA"
,DSVFCPQ0054495,,Schaeffler Group USA Inc,3900 S Range Line Road,United States,,CAAU6691892,0,United States,Brazil,2026-01-14T00:00:00,-,15152,848210,"Ball or roller bearings, and parts thereof:, Ball bearings",,SCHAEFFLER BRASIL LTDA,HLCUSS5251150391,0,0,,-,Z To Order and NA,,,-,Charleston,OP Brazil,SPACER RING OF HIGH CARBON STEEL,,44,Not Available,Schaeffler Brasil Ltda,Avenida Independencia 3500 Bairro Eden C P 18087-101,,,44,PKG,0.0,PKG,,0,MAERSK EVERGLADES,26153195256027355,page_1,https://app.volza.com/workspace/search/24846649#Shipments,"Charleston, SC"
,DSVFCPQ0056077,,Schaeffler Group USA Inc,3900 S Range Line Road,United States,,CAAU6691892,0,United States,Brazil,2026-01-14T00:00:00,-,4055,848210,"Ball or roller bearings, and parts thereof:, Ball bearings",,SCHAEFFLER BRASIL LTDA,HLCUSS5251150391,0,0,,-,Z To Order and NA,,,-,Charleston,OP Brazil,"HYDRAULIC PIVOT ELEMENT FOR INTERNAL COMBUSTI,ON ENGINES",,25,Not Available,Schaeffler Brasil Ltda,Avenida Independencia 3500 Bairro Eden C P 18087-101,,,25,PKG,0.0,PKG,,0,MAERSK EVERGLADES,26153195256027358,page_1,https://app.volza.com/workspace/search/24846649#Shipments,"Charleston, SC"
,DSVFCPQ0056075,,Schaeffler Group USA Inc,3900 S Range Line Road,United States,,CAAU6691892,0,United States,Brazil,2026-01-14T00:00:00,-,1989,848210,"Ball or roller bearings, and parts thereof:, Ball bearings",,SCHAEFFLER BRASIL LTDA,HLCUSS5251150391,0,0,,-,Z To Order and NA,,,-,Charleston,OP Brazil,MARCO MONTAD ARC COIL SPRING,,6,Not Available,Schaeffler Brasil Ltda,Avenida Independencia 3500 Bairro Eden C P 18087-101,,,6,PKG,0.0,PKG,,0,MAERSK EVERGLADES,26153195256027357,page_1,https://app.volza.com/workspace/search/24846649#Shipments,"Charleston, SC"
,DSVFCPQ0056073,,Schaeffler Group USA Inc,3900 S Range Line Road,United States,,CAAU6691892,0,United States,Brazil,2026-01-14T00:00:00,-,135,848210,"Ball or roller bearings, and parts thereof:, Ball bearings",,SCHAEFFLER BRASIL LTDA,HLCUSS5251150391,0,0,,-,Z To Order and NA,,,-,Charleston,OP Brazil,CAGE MADE OF PLASTIC FOR RADIAL LOAD BEARING,,5,Not Available,Schaeffler Brasil Ltda,Avenida Independencia 3500 Bairro Eden C P 18087-101,,,5,PKG,0.0,PKG,,0,MAERSK EVERGLADES,26153195256027356,page_1,https://app.volza.com/workspace/search/24846649#Shipments,"Charleston, SC"
,DSVFCPQ0055584,,Schaeffler Group USA Inc,3900 S Range Line Road,United States,,TCLU8561243,0,United States,Brazil,2026-01-12T00:00:00,-,2424,848210,"Ball or roller bearings, and parts thereof:, Ball bearings:",,SCHAEFFLER BRASIL LTDA,HLCUSS5251148934,0,0,,-,Z To Order and NA,,,-,Charleston,OP Brazil,SOCKET PLUNGER HYDRAULIC LASH ADJUSTER,,8,Not Available,Schaeffler Brasil Ltda,Avenida Independencia 3500 Bairro Eden C P 18087-101,,,8,PKG,0.0,PKG,,0,SAVANNAH,26153195255913477,page_1,https://app.volza.com/workspace/search/24846649#Shipments,"Charleston, SC"
,DSVFCPQ0055582,,Schaeffler Group USA Inc,3900 S Range Line Road,United States,,TCLU8561243,0,United States,Brazil,2026-01-12T00:00:00,-,328,848210,"Ball or roller bearings, and parts thereof:, Ball bearings:",,SCHAEFFLER BRASIL LTDA,HLCUSS5251148934,0,0,,-,Z To Order and NA,,,-,Charleston,OP Brazil,"HIDRAULIC LASH ADJUSTER FOR NTERNAL COMBUSTIO,N",,2,Not Available,Schaeffler Brasil Ltda,Avenida Independencia 3500 Bairro Eden C P 18087-101,,,2,PKG,0.0,PAL,,0,SAVANNAH,26153195255913475,page_1,https://app.volza.com/workspace/search/24846649#Shipments,"Charleston, SC"
,DSVFCPQ0055581,,Schaeffler Group USA Inc,3900 S Range Line Road,United States,,TCLU8561243,0,United States,Brazil,2026-01-12T00:00:00,-,254,848210,"Ball or roller bearings, and parts thereof:, Ball bearings:",,SCHAEFFLER BRASIL LTDA,HLCUSS5251148934,0,0,,-,Z To Order and NA,,,-,Charleston,OP Brazil,RADIAL INSERT BALL BEARING PREDOMINANTLY,,3,Not Available,Schaeffler Brasil Ltda,Avenida Independencia 3500 Bairro Eden C P 18087-101,,,3,PKG,0.0,PKG,,0,SAVANNAH,26153195255913474,page_li4,https://app.volza.com/workspace/search/24846649#Shipments,"Charleston, SC"
,DSVFCPQ0055583,,Schaeffler Group USA Inc,3900 S Range Line Road,United States,,TCLU8561243,0,United States,Brazil,2026-01-12T00:00:00,-,5333,848210,"Ball or roller bearings, and parts thereof:, Ball bearings:",,SCHAEFFLER BRASIL LTDA,HLCUSS5251148934,0,0,,-,Z To Order and NA,,,-,Charleston,OP Brazil,SPACER RING OF HIGH CARBON STEEL,,20,Not Available,Schaeffler Brasil Ltda,Avenida Independencia 3500 Bairro Eden C P 18087-101,,,20,PKG,0.0,PKG,,0,SAVANNAH,26153195255913476,page_li4,https://app.volza.com/workspace/search/24846649#Shipments,"Charleston, SC"
,DSVFCPQ0055579,,Schaeffler Group USA Inc,3900 S Range Line Road,United States,,TCLU8561243,0,United States,Brazil,2026-01-12T00:00:00,-,410,848210,"Ball or roller bearings, and parts thereof:, Ball bearings:",,SCHAEFFLER BRASIL LTDA,HLCUSS5251148934,0,0,,-,Z To Order and NA,,,-,Charleston,OP Brazil,ANGULAR CONTACT BALL BEARING,,3,Not Available,Schaeffler Brasil Ltda,Avenida Independencia 3500 Bairro Eden C P 18087-101,,,3,PKG,0.0,PKG,,0,SAVANNAH,26153195255913473,page_li4,https://app.volza.com/workspace/search/24846649#Shipments,"Charleston, SC"
,DSVFCPQ0054491,,Schaeffler Group USA Inc,3900 S Range Line Road,United States,,TCLU8561243,0,United States,Brazil,2026-01-12T00:00:00,-,5941,848210,"Ball or roller bearings, and parts thereof:, Ball bearings:",,SCHAEFFLER BRASIL LTDA,HLCUSS5251148934,0,0,,-,Z To Order and NA,,,-,Charleston,OP Brazil,MONTAD ARC COIL SPRING,,15,Not Available,Schaeffler Brasil Ltda,Avenida Independencia 3500 Bairro Eden C P 18087-101,,,15,PKG,0.0,PKG,,0,SAVANNAH,26153195255913472,page_li4,https://app.volza.com/workspace/search/24846649#Shipments,"Charleston, SC"
,DSVFCPQ0055585,,Schaeffler Group USA Inc,3900 S Range Line Road,United States,,TCLU8561243,0,United States,Brazil,2026-01-12T00:00:00,-,1861,848210,"Ball or roller bearings, and parts thereof:, Ball bearings:",,SCHAEFFLER BRASIL LTDA,HLCUSS5251148934,0,0,,-,Z To Order and NA,,,-,Charleston,OP Brazil,DRAWN CUP RING BEARING COMPONENT,,25,Not Available,Schaeffler Brasil Ltda,Avenida Independencia 3500 Bairro Eden C P 18087-101,,,25,PKG,0.0,PKG,,0,SAVANNAH,26153195255913478,page_li4,https://app.volza.com/workspace/search/24846649#Shipments,"Charleston, SC"
,BWLESSZ59334174,,NSK Canada Inc.,5585 Macadam Road,Canada,,UASU1073470,0,United States,Brazil,2026-01-08T00:00:00,-,677,848210,"Ball or roller bearings, and parts thereof:, Ball bearings",,NSK / BRASIL,HLCUSS5251073434,0,0,,5585 Macadam Road,NSK Canada Inc.,,,-,New York,OP Brazil,BALL BEARINGS,,58,Not Available,NSK Brasil Ltda.,"Avenida Vereador Joao Batista Fitipaldi, 66 - Vila Maluf",,,58,PKG,0.0,PKG,,0,MAERSK FORTALEZA,26153195255663757,page_li4,https://app.volza.com/workspace/search/24846649#Shipments,"New York, NY"
,FTNVSMAAS0000596,,Karay Metals Inc,8 Elwyn Lane,United States,,ONEU5967900,0,United States,India,2026-01-08T00:00:00,-,24353,730630,"Other tubes, pipes and hollow profiles (for example, open seamed or welded, riveted or similarly closed), of iron or steel:, welded, of circular cross section, of iron or nonalloy steel",,25/HEX BUNDLE,ONEYMAAF39874800,0,0,,8 Elwyn Lane,Karay Metals Inc,,,-,Tacoma,OP India,PRECISION STEEL TUBES - CDW,,25,Not Available,Tube Investments of India Ltd.,Chennai Thirupathi Highway | Ponpadi Village Tiruthani | (T. K),,,25,PKG,0.0,BDL,,0,ONE SAN DIEGO,26153195255774862,page_li4,https://app.volza.com/workspace/search/24846649#Shipments,"Seattle, WA"
,DSVFAMD8098222,,Schaeffler Group USA Inc,3900 S Range Line Road,United States,,UETU6717937,0,United States,India,2026-01-07T00:00:00,-,763,848210,"Ball or roller bearings, and parts thereof:, Ball bearings",,"A,SCHAEFFLER GROUP USA INC.135 COX AVE,US",MEDUP4602793,0,0,,-,Z To Order and NA,,,-,New York Newark Area Newark New Jersey,JNPT,"THRUST BEARINGS H.S.CODE :,/ / INV. NO: E,XP/ DT: . . S.B.NO: DT:NET WT: .,KGS",,2,Not Available,Excellent Engineering Corporation,"5, GIDC Makarpura",,,2,PKG,0.0,PKG,,0,MSC NAMIBIA,26153195255790200,page_li4,https://app.volza.com/workspace/search/24846649#Shipments,"New York, NY"
,DSVFAMD8098275,,Schaeffler Group USA Inc,3900 S Range Line Road,United States,,FCIU7290920,0,United States,India,2026-01-07T00:00:00,-,45,848210,"Ball or roller bearings, and parts thereof:, Ball bearings",,33189834,HLCUBO12511BDFT7,0,0,,-,Z To Order and NA,,,-,Charleston,JNPT,"AUTOMOTIVE PARTSANGULAR CONTACT BALL BEARINGT,APERED ROLLER BEARINGCYLINDRICAL ROLLER BEARI,NGHSN CODE : / / /,INV. NO. - SI INV. DATE -,/ / SB NO. DATE : . . NET,WT : . KG",,1,Not Available,Schaeffler India Ltd,"Survey No. 950 Rayakottah Road, Krishnagiri District",,,1,PKG,0.0,PKG,,0,TORRENTE,26153195255792762,page_li4,https://app.volza.com/workspace/search/24846649#Shipments,"Charleston, SC"
,DSVFAMD8098278,,Schaeffler Group USA Inc,3900 S Range Line Road,United States,,FCIU7290920,0,United States,India,2026-01-07T00:00:00,-,1876,848210,"Ball or roller bearings, and parts thereof:, Ball bearings",,33188751,HLCUBO12511BDFT7,0,0,,-,Z To Order and NA,,,-,Charleston,JNPT,"AUTOMOTIVE PARTSANGULAR CONTACT BALL BEARINGC,YLINDRICAL ROLLER BEARINGHSN CODE : /,INV. NO. - SI INV. DA,TE - / / SB NO. DATE : . .,NET WT : , . KGS",,8,Not Available,Schaeffler India Ltd,Survey 310 2 Kuthambakkam Road Sripurambudur Taluk,,,8,PKG,0.0,PKG,,0,TORRENTE,26153195255792765,page_li4,https://app.volza.com/workspace/search/24846649#Shipments,"Charleston, SC"
,DSVFAMD8098279,,Schaeffler Group USA Inc,3900 S Range Line Road,United States,,FCIU7290920,0,United States,India,2026-01-07T00:00:00,-,443,848210,"Ball or roller bearings, and parts thereof:, Ball bearings",,33188188,HLCUBO12511BDFT7,0,0,,-,Z To Order and NA,,,-,Charleston,JNPT,"AUTOMOTIVE PARTSANGULAR CONTACT BALL BEARINGT,RACK ROLLERCYLINDRICAL ROLLER BEARINGSPHERICA,L ROLLER BEARINGHSN CODE : / /,/ INV. NO. - SI I,NVOICE DATE - / / SB NO. DATE :,. . NET WT : . KGS",,6,Not Available,Schaeffler India Ltd,"Survey No. 950 Rayakottah Road, Krishnagiri District",,,6,PKG,0.0,PKG,,0,TORRENTE,26153195255792766,page_li4,https://app.volza.com/workspace/search/24846649#Shipments,"Charleston, SC"
,DSVFAMD8097840,,Schaeffler Group USA Inc,3900 S Range Line Road,United States,,MSNU6554416,0,United States,India,2026-01-05T00:00:00,-,864,848210,"Ball or roller bearings, and parts thereof:, Ball bearings",,"SCHAEFFLER ??GROUP USA INC.??135 COX AVE,USA",MEDUP4158929,0,0,,-,Z To Order and NA,,,-,New York Newark Area Newark New Jersey,JNPT,"THRUST BEARINGSH.S.CODE: /,/ INV. NO: DT: . . S.B.NO:,DT:NET WT: . KGS",,3,Not Available,Excellent Engineering Corporation,"5, GIDC Makarpura",,,3,PKG,0.0,PKG,,0,MSC BARCELONA,26153195256483076,page_li4,https://app.volza.com/workspace/search/24846649#Shipments,"New York, NY"
,DSVFAMD8097364,,Schaeffler Group USA Inc,3900 S Range Line Road,United States,,BMOU1428166,0,United States,India,2026-01-03T00:00:00,-,636,848210,"Ball or roller bearings, and parts thereof:, Ball bearings",,33041662,HLCUBO1251153537,0,0,,-,Z To Order and NA,,,-,Charleston,JNPT,"AUTOMOTIVE PARTSDEEP GROOVE BALL BEARINGCYLIN,DRICAL ROLLER BEARINGHSN CODE : /,/ INV. NO. - SI INVOI,CE DATE - / / SB NO. DATE : .,. NET WT : . KGS",,3,Not Available,Schaeffler India Ltd,"Survey No. 950 Rayakottah Road, Krishnagiri District",,,3,PKG,0.0,PKG,,0,TIRUA,26153195255352552,page_li4,https://app.volza.com/workspace/search/24846649#Shipments,"Charleston, SC"
,DSVFAMD8097327,,Schaeffler Group USA Inc,3900 S Range Line Road,United States,,BMOU1428166,0,United States,India,2026-01-03T00:00:00,-,1113,848210,"Ball or roller bearings, and parts thereof:, Ball bearings",,33041527,HLCUBO1251153537,0,0,,-,Z To Order and NA,,,-,Charleston,JNPT,"AUTOMOTIVE PARTSDEEP GROOVE BALL BEARINGANGUL,AR CONTACT BALL BEARINGTAPERED ROLLER BEARING,SPHERICAL ROLLER BEARINGHSN CODE : /,/ / INV. NO. - SI,INV. DATE - / / SB NO.,DATE : . . NET WT : . KGS",,4,Not Available,Schaeffler India Ltd,"Survey No. 950 Rayakottah Road, Krishnagiri District",,,4,PKG,0.0,PKG,,0,TIRUA,26153195255352554,page_li4,https://app.volza.com/workspace/search/24846649#Shipments,"Charleston, SC"
,DSVFAMD8097328,,Schaeffler Group USA Inc,3900 S Range Line Road,United States,,BMOU1428166,0,United States,India,2026-01-03T00:00:00,-,1951,848210,"Ball or roller bearings, and parts thereof:, Ball bearings",,33041521,HLCUBO1251153537,0,0,,-,Z To Order and NA,,,-,Charleston,JNPT,"AUTOMOTIVE PARTSDEEP GROOVE BALL BEARINGANGUL,AR CONTACT BALL BEARINGTAPERED ROLLER BEARING,HSN CODE : / INV. NO. - SI,INV. DATE - / / SB NO.,DATE : . . NET WT : . KGS",,5,Not Available,Schaeffler India Ltd,"Survey No. 950 Rayakottah Road, Krishnagiri District",,,5,PKG,0.0,PKG,,0,TIRUA,26153195255352556,page_li4,https://app.volza.com/workspace/search/24846649#Shipments,"Charleston, SC"
,DSVFAMD8097321,,Schaeffler Group USA Inc,3900 S Range Line Road,United States,,BMOU1428166,0,United States,India,2026-01-03T00:00:00,-,2195,848210,"Ball or roller bearings, and parts thereof:, Ball bearings",,33037591,HLCUBO1251153537,0,0,,-,Z To Order and NA,,,-,Charleston,JNPT,"AUTOMOTIVE PARTSDEEP GROOVE BALL BEARINGOUTER,RINGANGULAR CONTACT BALL BEARINGHSN CODE :,/ INV. NO. - SI IN,VOICE DATE - / / SB NO. DATE :,. . NET WT : , . KGS",,6,Not Available,Schaeffler India Ltd,"Survey No. 950 Rayakottah Road, Krishnagiri District",,,6,PKG,0.0,PKG,,0,TIRUA,26153195255352557,page_li4,https://app.volza.com/workspace/search/24846649#Shipments,"Charleston, SC"
,DSVFAMD8097326,,Schaeffler Group USA Inc,3900 S Range Line Road,United States,,BMOU1428166,0,United States,India,2026-01-03T00:00:00,-,220,848210,"Ball or roller bearings, and parts thereof:, Ball bearings",,33041529,HLCUBO1251153537,0,0,,-,Z To Order and NA,,,-,Charleston,JNPT,"AUTOMOTIVE PARTSANGULAR CONTACT BALL BEARINGT,APERED ROLLER BEARINGCYLINDRICAL ROLLER BEARI,NGDEEP GROOVE BALL BEARINGHSN CODE :,/ / INV. NO. - SI,INV. DATE - / / SB NO. DATE :,. . NET WT : . KGS",,1,Not Available,Schaeffler India Ltd,"Survey No. 950 Rayakottah Road, Krishnagiri District",,,1,PKG,0.0,PKG,,0,TIRUA,26153195255352550,page_li4,https://app.volza.com/workspace/search/24846649#Shipments,"Charleston, SC"
,DSVFCPQ0055147,,Schaeffler Group USA Inc,3900 S Range Line Road,United States,,FANU1580912,0,United States,Brazil,2025-12-30T00:00:00,-,484,848210,"Ball or roller bearings, and parts thereof:, Ball bearings:",,SCHAEFFLER BRASIL LTDA??,HLCUSS5251148554,0,0,,-,Z To Order and NA,,,-,Charleston,OP Brazil,DRAWN CUP RING BEARING COMPONENT,,12,Not Available,Schaeffler Brasil Ltda,Avenida Independencia 3500 Bairro Eden C P 18087-101,,,12,PKG,0.0,PKG,,0,MAERSK FRANKFURT,25153195255321832,page_li4,https://app.volza.com/workspace/search/24846649#Shipments,"Charleston, SC"
,DSVFCPQ0055143,,Schaeffler Group USA Inc,3900 S Range Line Road,United States,,FANU1580912,0,United States,Brazil,2025-12-30T00:00:00,-,679,848210,"Ball or roller bearings, and parts thereof:, Ball bearings:",,SCHAEFFLER BRASIL LTDA,HLCUSS5251148554,0,0,,-,Z To Order and NA,,,-,Charleston,OP Brazil,ANGULAR CONTACT BALL BEARING,,3,Not Available,Schaeffler Brasil Ltda,Avenida Independencia 3500 Bairro Eden C P 18087-101,,,3,PKG,0.0,PKG,,0,MAERSK FRANKFURT,25153195255321829,page_li4,https://app.volza.com/workspace/search/24846649#Shipments,"Charleston, SC"
,DSVFCPQ0055144,,Schaeffler Group USA Inc,3900 S Range Line Road,United States,,FANU1580912,0,United States,Brazil,2025-12-30T00:00:00,-,12409,848210,"Ball or roller bearings, and parts thereof:, Ball bearings:",,SCHAEFFLER BRASIL LTDA??,HLCUSS5251148554,0,0,,-,Z To Order and NA,,,-,Charleston,OP Brazil,SPACER RING OF HIGH CARBON STEEL,,42,Not Available,Schaeffler Brasil Ltda,Avenida Independencia 3500 Bairro Eden C P 18087-101,,,42,PKG,0.0,PKG,,0,MAERSK FRANKFURT,25153195255321830,page_li4,https://app.volza.com/workspace/search/24846649#Shipments,"Charleston, SC"
,DSVFCPQ0055148,,Schaeffler Group USA Inc,3900 S Range Line Road,United States,,FANU1580912,0,United States,Brazil,2025-12-30T00:00:00,-,431,848210,"Ball or roller bearings, and parts thereof:, Ball bearings:",,SCHAEFFLER BRASIL LTDA??,HLCUSS5251148554,0,0,,-,Z To Order and NA,,,-,Charleston,OP Brazil,ANGULAR CONTACT BALL BEARING PREDOMINANTLY,,1,Not Available,Schaeffler Brasil Ltda,Avenida Independencia 3500 Bairro Eden C P 18087-101,,,1,PKG,0.0,PKG,,0,MAERSK FRANKFURT,25153195255321833,page_li4,https://app.volza.com/workspace/search/24846649#Shipments,"Charleston, SC"
,DSVFAMD8097157,,Schaeffler Group USA Inc,3900 S Range Line Road,United States,,MOTU1430633,0,United States,India,2025-12-30T00:00:00,-,1023,848210,"Ball or roller bearings, and parts thereof:, Ball bearings:",,32975826,ONEYMUMFA0351600,0,0,,-,Z To Order and NA,,,-,Charleston,JNPT,"AUTOMOTIVE PARTSDEEP GROOVE BALL BEARINGCYLIN,DRICAL ROLLER BEARINGTAPERED ROLLER BEARINGAN,GULAR CONTACT BALL BEARINGTRACK ROLLERHSN COD,E : / / / /,INV. NO. - SI INV.,DATE - / / SB NO. DATE : . .,NET WT : . KGS",,4,Not Available,Schaeffler India Ltd,"Survey No. 950 Rayakottah Road, Krishnagiri District",,,4,PKG,0.0,PKG,,0,ONE MAXIM,25153195255302677,page_li4,https://app.volza.com/workspace/search/24846649#Shipments,"Charleston, SC"
,DSVFAMD8097236,,Schaeffler Group USA Inc,3900 S Range Line Road,United States,,MOTU1430633,0,United States,India,2025-12-30T00:00:00,-,173,848210,"Ball or roller bearings, and parts thereof:, Ball bearings:",,32978855,ONEYMUMFA0351600,0,0,,-,Z To Order and NA,,,-,Charleston,JNPT,"AUTOMOTIVE PARTSDEEP GROOVE BALL BEARINGTAPER,ED ROLLER BEARINGCYLINDRICAL ROLLER BEARINGAN,GULAR CONTACT BALL BEARINGTRACK ROLLERHSN COD,E : / / / INVOIC,E NO. - SI INV. DATE - / /,SB NO. DATE : . . NET WT : .,KGS",,1,Not Available,Schaeffler India Ltd,"Survey No. 950 Rayakottah Road, Krishnagiri District",,,1,PKG,0.0,PKG,,0,ONE MAXIM,25153195255302683,page_li4,https://app.volza.com/workspace/search/24846649#Shipments,"Charleston, SC"
,DSVFAMD8097323,,Schaeffler Group USA Inc,3900 S Range Line Road,United States,,MOTU1430633,0,United States,India,2025-12-30T00:00:00,-,1238,848210,"Ball or roller bearings, and parts thereof:, Ball bearings:",,33037592,ONEYMUMFA0351600,0,0,,-,Z To Order and NA,,,-,Charleston,JNPT,"AUTOMOTIVE PARTSDEEP GROOVE BALL BEARINGCYLIN,DRICAL ROLLER BEARINGHSN CODE : /,INV. NO. - SI INV. DATE -,/ / SB NO. DATE : . . NET,WT : . KGS",,4,Not Available,Schaeffler India Ltd,"Survey No. 950 Rayakottah Road, Krishnagiri District",,,4,PKG,0.0,PKG,,0,ONE MAXIM,25153195255302676,page_li4,https://app.volza.com/workspace/search/24846649#Shipments,"Charleston, SC"
,DSVFCPQ0054484,,Schaeffler Group USA Inc,3900 S Range Line Road,United States,,FANU1580912,0,United States,Brazil,2025-12-30T00:00:00,-,4515,848210,"Ball or roller bearings, and parts thereof:, Ball bearings:",,SCHAEFFLER BRASIL LTDA,HLCUSS5251148554,0,0,,-,Z To Order and NA,,,-,Charleston,OP Brazil,ARC COIL SPRING,,13,Not Available,Schaeffler Brasil Ltda,Avenida Independencia 3500 Bairro Eden C P 18087-101,,,13,PKG,0.0,PKG,,0,MAERSK FRANKFURT,25153195255321828,page_li4,https://app.volza.com/workspace/search/24846649#Shipments,"Charleston, SC"
,DSVFCPQ0055145,,Schaeffler Group USA Inc,3900 S Range Line Road,United States,,FANU1580912,0,United States,Brazil,2025-12-30T00:00:00,-,1536,848210,"Ball or roller bearings, and parts thereof:, Ball bearings:",,SCHAEFFLER BRASIL LTDA??,HLCUSS5251148554,0,0,,-,Z To Order and NA,,,-,Charleston,OP Brazil,"HYDRAULIC PIVOT ELEMENT FOR NTERNAL COMBUSTIO,N ENGINES",,12,Not Available,Schaeffler Brasil Ltda,Avenida Independencia 3500 Bairro Eden C P 18087-101,,,12,PKG,0.0,PKG,,0,MAERSK FRANKFURT,25153195255321831,page_li4,https://app.volza.com/workspace/search/24846649#Shipments,"Charleston, SC"
,DSVFAMD8097150,,Schaeffler Group USA Inc,3900 S Range Line Road,United States,,MOTU1430633,0,United States,India,2025-12-30T00:00:00,-,188,848210,"Ball or roller bearings, and parts thereof:, Ball bearings:",,32968138,ONEYMUMFA0351600,0,0,,-,Z To Order and NA,,,-,Charleston,JNPT,"AUTOMOTIVE PARTSANGULAR CONTACT BALL BEARINGD,EEP GROOVE BALL BEARINGTAPERED ROLLER BEARING,CYLINDRICAL ROLLER BEARINGHSN CODE :,/ / / INV. NO. - SI,INV. DATE - / / SB NO.,DATE : . . NET WT : . KGS",,1,Not Available,Schaeffler India Ltd,"Survey No. 950 Rayakottah Road, Krishnagiri District",,,1,PKG,0.0,PKG,,0,ONE MAXIM,25153195255302695,page_li4,https://app.volza.com/workspace/search/24846649#Shipments,"Charleston, SC"
,DSVFAMD8097237,,Schaeffler Group USA Inc,3900 S Range Line Road,United States,,MOTU1430633,0,United States,India,2025-12-30T00:00:00,-,2743,848210,"Ball or roller bearings, and parts thereof:, Ball bearings:",,33026043,ONEYMUMFA0351600,0,0,,-,Z To Order and NA,,,-,Charleston,JNPT,"AUTOMOTIVE PARTSDEEP GROOVE BALL BEARINGHSN C,ODE : INV. NO. - SI INVO,ICE DATE - / / SB NO. DATE : .,. NET WT : , . KGS",,8,Not Available,Schaeffler India Ltd,"Survey No. 950 Rayakottah Road, Krishnagiri District",,,8,PKG,0.0,PKG,,0,ONE MAXIM,25153195255302697,page_li4,https://app.volza.com/workspace/search/24846649#Shipments,"Charleston, SC"
,,HAPAG LLOYD A G,John Deere Parts Distribution,Center 801 E 1st Street Suite 500 Door 31A,United States,,FANU1292705,0,United States,Brazil,2025-12-25T00:00:00,-,7461,848210,"Ball or roller bearings, and parts thereof:, Ball bearings",,,HLCUSS5250827111,0,7461,,-,DHL Global Forwarding GmbH,,,-,Philadelphia,OP Brazil,"AGRICULTURAL SPARE PARTS,X HC CONTAINER SAID TO,CONTAIN AGRICULTURAL SPARE PARTS,SINGLES,WOOD BOXES CARDBOARD BOXES,CRATE WOOD PALLETS WITH,CARDBOARD BOXES",,100,Not Available,JOHN DEERE BRASIL LTDA,HORIZONTINA|AV. ENG. JORGE A D LOGEMANN|HORIZONTINA DISTRITO INDUSTRIAL. RS|BR 98920-000 CNPJ,,,100,NOS,0.0,PCS,,0,MAERSK FRANKFURT,25153195255203467,page_li4,https://app.volza.com/workspace/search/24846649#Shipments,"Philadelphia, PA"
,,,MAJESTIC PRINCESS,C/O FDC FLORIDA DISTRIBUTION CENTRE 3671 SW 30TH AVENUE,UNITED STATES,,RP2025122016,0,United States,Mexico,2025-12-22T00:00:00,-,1,8482105044,"Ball or roller bearings, and parts thereof:, Ball bearings:, Other /note: See 9903.88.01., 9 mm and over but not over 30 mm",,"LANDED VIA PORT AGENT,SHIP TO SHIP TRANSFER - MAJESTIC PRINCESS",PNSSRP2025122016,0,0,,-,Z To Order and NA,,,-,Los Angeles,OP Mexico,"Y-BEARING UNIT,PLUMMER BLOCK UNIT,SOCKET,CEE, P+E, A / V, H,IP",,1,Not Available,Royal Princess,24305 Town Center Drive,,,1,PKG,0.0,BOX,,0,ROYAL PRINCESS,25153195254888409,page_li4,https://app.volza.com/workspace/search/24846649#Shipments,"Los Angeles, CA"
,DSVFCPQ0052866,,Schaeffler Group USA Inc,3900 S Range Line Road,United States,,HLBU1626890,0,United States,Brazil,2025-12-22T00:00:00,-,226,848210,"Ball or roller bearings, and parts thereof:, Ball bearings",,SCHAEFFLER BRASIL LTDA,HLCUSS5251039318,0,0,,-,Z To Order and NA,,,-,Charleston,OP Brazil,BALL BEARINGS FOR RADIAL,,1,Not Available,Schaeffler Brasil Ltda,Avenida Independencia 3500 Bairro Eden C P 18087-101,,,1,PKG,0.0,PKG,,0,MAERSK FORTALEZA,25153195254857943,page_li4,https://app.volza.com/workspace/search/24846649#Shipments,"Charleston, SC"
,DSVFCPQ0054563,,Schaeffler Group USA Inc,3900 S Range Line Road,United States,,HLBU1626890,0,United States,Brazil,2025-12-22T00:00:00,-,7917,848210,"Ball or roller bearings, and parts thereof:, Ball bearings",,SCHAEFFLER BRASIL LTDA,HLCUSS5251039318,0,0,,-,Z To Order and NA,,,-,Charleston,OP Brazil,HYDRAULIC PIVOT ELEMENT,,53,Not Available,Schaeffler Brasil Ltda,Avenida Independencia 3500 Bairro Eden C P 18087-101,,,53,PKG,0.0,PKG,,0,MAERSK FORTALEZA,25153195254857946,page_li4,https://app.volza.com/workspace/search/24846649#Shipments,"Charleston, SC"
,DSVFCPQ0054561,,Schaeffler Group USA Inc,3900 S Range Line Road,United States,,HLBU1626890,0,United States,Brazil,2025-12-22T00:00:00,-,12825,848210,"Ball or roller bearings, and parts thereof:, Ball bearings",,SCHAEFFLER BRASIL LTDA,HLCUSS5251039318,0,0,,-,Z To Order and NA,,,-,Charleston,OP Brazil,RADIAL INSERT BALL BEARING,,42,Not Available,Schaeffler Brasil Ltda,Avenida Independencia 3500 Bairro Eden C P 18087-101,,,42,PKG,0.0,PKG,,0,MAERSK FORTALEZA,25153195254857944,page_li4,https://app.volza.com/workspace/search/24846649#Shipments,"Charleston, SC"
,DSVFMCT0003562,,Z To Order and NA,-,Canada,,"CAAU7834832,GESU6159951,MSCU5199611,MSCU5328426,MSNU6602047,MSNU6968139,TCLU9514821",0,United States,India,2025-12-22T00:00:00,-,184253,730630,"Other tubes, pipes and hollow profiles (for example, open seamed or welded, riveted or similarly closed), of iron or steel:, welded, of circular cross section, of iron or nonalloy steel",,ORDER#40212099 AND PO#4004149-00,MEDUOM396166,0,0,,-,Z To Order and NA,,,-,Houston,Mundra,"VARIOUS SIZES OF STEEL PIPE.ALL OTHER DETAILED,AS PER SALESORDER AND PO - .,SHIPPING TERMS: INCOTERMS -DDP CYHOUSTON,,TX. USA .LC NO. ILC DATED . .,ISSUED BYCITY NATIONAL BANK,LOS ANGELES,CA,USNET WT. . MTGROSS WT. . MTINCOT,ERM MENTIONED STRICTLY WITHOUT PREJUDICE TOTH",,156,Not Available,Z To Order and NA,-,,,156,BDL,0.0,BDL,,0,MSC MARIANNA,25153195254812138,page_li4,https://app.volza.com/workspace/search/24846649#Shipments,"Houston-Galveston, TX"
,DSVFAMD8097403,,Schaeffler Group USA Inc,3900 S Range Line Road,United States,,MSNU5402152,0,United States,India,2025-12-22T00:00:00,-,1427,848210,"Ball or roller bearings, and parts thereof:, Ball bearings",,"SCHAEFFLER GROUP USA INC.135 COX AVE,USA",MEDUP4334603,0,0,,-,Z To Order and NA,,,-,New York Newark Area Newark New Jersey,JNPT,"THRUST BEARINGS H.S.CODE :,/ / INV. NO,: DT: . . S.B.NO: DT:NET WT: .,KGS",,5,Not Available,Excellent Engineering Corporation,"5, GIDC Makarpura",,,5,PKG,0.0,PKG,,0,MSC MEXICO V,25153195254826158,page_li4,https://app.volza.com/workspace/search/24846649#Shipments,"New York, NY"
,DSVFCPQ0054562,,Schaeffler Group USA Inc,3900 S Range Line Road,United States,,HLBU1626890,0,United States,Brazil,2025-12-22T00:00:00,-,1777,848210,"Ball or roller bearings, and parts thereof:, Ball bearings",,SCHAEFFLER BRASIL LTDA,HLCUSS5251039318,0,0,,-,Z To Order and NA,,,-,Charleston,OP Brazil,SPACER RING OF HIGH CARBON STEEL,,3,Not Available,Schaeffler Brasil Ltda,Avenida Independencia 3500 Bairro Eden C P 18087-101,,,3,PKG,0.0,PKG,,0,MAERSK FORTALEZA,25153195254857945,page_li4,https://app.volza.com/workspace/search/24846649#Shipments,"Charleston, SC"
,,,Regal Princess,71 S Central Ave Suite 318,-,,RP2025122017,0,United States,Mexico,2025-12-22T00:00:00,-,8,8482105044,"Ball or roller bearings, and parts thereof:, Ball bearings:, Other /note: See 9903.88.01., 9 mm and over but not over 30 mm",,"LANDED VIA PORT AGENT,SHIP TO SHIP TRANSFER - REGAL PRINCESS",PNSSRP2025122017,0,0,,-,Z To Order and NA,,,-,Los Angeles,OP Mexico,"Y-BEARING UNIT,PLUMMER BLOCK UNIT",,1,Not Available,Royal Princess,24305 Town Center Drive,,,1,PKG,0.0,BOX,,0,ROYAL PRINCESS,25153195254888411,page_li4,https://app.volza.com/workspace/search/24846649#Shipments,"Los Angeles, CA"
,DSVFAMD8096764,,Schaeffler Group USA Inc,3900 S Range Line Road,United States,,ONEU6570141,0,United States,India,2025-12-18T00:00:00,-,1188,848210,"Ball or roller bearings, and parts thereof:, Ball bearings",,32928075,ONEYMUMF97067400,0,0,,-,Z To Order and NA,,,-,Charleston,JNPT,"AUTOMOTIVE PARTSTAPERED ROLLER BEARINGANGULAR,CONTACT BALL BEARINGDEEP GROOVE BALL BEARING,CYLINDRICAL ROLLER BEARINGHSN CODE :,/ / / INV. NO. - SI,INV. DATE - / / SB NO.,DATE : . . NET WT : . KGS",,4,Not Available,Schaeffler India Ltd,"Survey No. 950 Rayakottah Road, Krishnagiri District",,,4,PKG,0.0,PKG,,0,SAN FRANCISCO BRIDGE,25153195254672088,page_li4,https://app.volza.com/workspace/search/24846649#Shipments,"Charleston, SC"
,DSVFAMD8096738,,Schaeffler Group USA Inc,3900 S Range Line Road,United States,,ONEU6570141,0,United States,India,2025-12-18T00:00:00,-,5164,848210,"Ball or roller bearings, and parts thereof:, Ball bearings",,32928073,ONEYMUMF97067400,0,0,,-,Z To Order and NA,,,-,Charleston,JNPT,"AUTOMOTIVE PARTSDEEP GROOVE BALL BEARINGCYLIN,DRICAL ROLLER BEARINGHSN CODE : /,INV. NO. - SI INV. DATE,- / / SB NO: DATE : . . NE,T WT : , . KGS",,18,Not Available,Schaeffler India Ltd,"Survey No. 950 Rayakottah Road, Krishnagiri District",,,18,PKG,0.0,PKG,,0,SAN FRANCISCO BRIDGE,25153195254672073,page_li4,https://app.volza.com/workspace/search/24846649#Shipments,"Charleston, SC"
,DSVFAMD8096762,,Schaeffler Group USA Inc,3900 S Range Line Road,United States,,ONEU6570141,0,United States,India,2025-12-18T00:00:00,-,430,848210,"Ball or roller bearings, and parts thereof:, Ball bearings",,32928060,ONEYMUMF97067400,0,0,,-,Z To Order and NA,,,-,Charleston,JNPT,"AUTOMOTIVE PARTSDEEP GROOVE BALL BEARINGCYLIN,DRICAL ROLLER BEARINGHSN CODE : /,/ INV. NO. - SI INVOI,CE DATE - / / SB NO. DATE : .,. NET WT : . KGS",,2,Not Available,Schaeffler India Ltd,"Survey No. 950 Rayakottah Road, Krishnagiri District",,,2,PKG,0.0,PKG,,0,SAN FRANCISCO BRIDGE,25153195254672086,page_li4,https://app.volza.com/workspace/search/24846649#Shipments,"Charleston, SC"
,DSVFAMD8096740,,Schaeffler Group USA Inc,3900 S Range Line Road,United States,,ONEU6570141,0,United States,India,2025-12-18T00:00:00,-,567,848210,"Ball or roller bearings, and parts thereof:, Ball bearings",,32928078,ONEYMUMF97067400,0,0,,-,Z To Order and NA,,,-,Charleston,JNPT,"AUTOMOTIVE PARTSDEEP GROOVE BALL BEARINGANGUL,AR CONTACT BALL BEARINGTRACK ROLLERCYLINDRICA,L ROLLER BEARINGHSN CODE : / /,INV. NO. - SI INV. DA,TE - / / SB NO. DATE : . .,NET WT : . KGS",,2,Not Available,Schaeffler India Ltd,"Survey No. 950 Rayakottah Road, Krishnagiri District",,,2,PKG,0.0,PKG,,0,SAN FRANCISCO BRIDGE,25153195254672075,page_li4,https://app.volza.com/workspace/search/24846649#Shipments,"Charleston, SC"
,DSVFAMD8096739,,Schaeffler Group USA Inc,3900 S Range Line Road,United States,,ONEU6570141,0,United States,India,2025-12-18T00:00:00,-,466,848210,"Ball or roller bearings, and parts thereof:, Ball bearings",,32928077,ONEYMUMF97067400,0,0,,-,Z To Order and NA,,,-,Charleston,JNPT,"AUTOMOTIVE PARTSDEEP GROOVE BALL BEARINGCYLIN,DRICAL ROLLER BEARINGANGULAR CONTACT BALL BEA,RINGHSN CODE : / / INVO,ICE NO. - SI INV. DATE - / /,SB NO. DATE : . . NET WT :,. KGS",,2,Not Available,Schaeffler India Ltd,"Survey No. 950 Rayakottah Road, Krishnagiri District",,,2,PKG,0.0,PKG,,0,SAN FRANCISCO BRIDGE,25153195254672074,page_li4,https://app.volza.com/workspace/search/24846649#Shipments,"Charleston, SC"
,DSVFAMD8096684,,Schaeffler Group USA Inc,3900 S Range Line Road,United States,,ONEU6570141,0,United States,India,2025-12-18T00:00:00,-,1177,848210,"Ball or roller bearings, and parts thereof:, Ball bearings",,11,ONEYMUMF97067400,0,0,,-,Z To Order and NA,,,-,Charleston,JNPT,"H.S.CODE : /,/ INV. NO: DT:S.B.NO: DT:NET W,T: . KGS",,4,Not Available,Excellent Engineering Corporation,"5, GIDC Makarpura",,,4,PKG,0.0,PKG,,0,SAN FRANCISCO BRIDGE,25153195254672072,page_li4,https://app.volza.com/workspace/search/24846649#Shipments,"Charleston, SC"
,DSVFAMD8096760,,Schaeffler Group USA Inc,3900 S Range Line Road,United States,,ONEU6570141,0,United States,India,2025-12-18T00:00:00,-,224,848210,"Ball or roller bearings, and parts thereof:, Ball bearings",,32927584,ONEYMUMF97067400,0,0,,-,Z To Order and NA,,,-,Charleston,JNPT,"AUTOMOTIVE PARTSDEEP GROOVE BALL BEARINGCYLIN,DRICAL ROLLER BEARINGANGULAR CONTACT BALL BEA,RINGTAPERED ROLLER BEARINGHSN CODE :,/ / / INV. NO. - SI,INV. DATE - / / SB NO.,DATE : . . NET WT : . KGS",,1,Not Available,Schaeffler India Ltd,"Survey No. 950 Rayakottah Road, Krishnagiri District",,,1,PKG,0.0,PKG,,0,SAN FRANCISCO BRIDGE,25153195254672084,page_li4,https://app.volza.com/workspace/search/24846649#Shipments,"Charleston, SC"
,BWLESSZ59334174,,NSK Canada Inc.,5585 Macadam Road,Canada,,UASU1073470,0,United States,Brazil,2025-12-17T00:00:00,-,677,848210,"Ball or roller bearings, and parts thereof:, Ball bearings",,NSK / BRASIL,HLCUSS5251073434,0,0,,5585 Macadam Road,NSK Canada Inc.,,,-,New York Newark Area Newark New Jersey,OP Brazil,BALL BEARINGS,,24,Not Available,NSK Brasil Ltda.,"Avenida Vereador Joao Batista Fitipaldi, 66 - Vila Maluf",,,24,PKG,0.0,PKG,,0,MAERSK FORTALEZA,25153195254606958,page_li4,https://app.volza.com/workspace/search/24846649#Shipments,"New York, NY"
,OIAGS02065570,,Moline Bearing Company,1181 N. Raddant Road,United States,,SUDU8761427,0,United States,India,2025-12-17T00:00:00,-,5820,848210,"Ball or roller bearings, and parts thereof:, Ball bearings",,,MAEU261397720,0,0,,200 Scott St,Oregon International Air Freight Co,,,-,New York Newark Area Newark New Jersey,JNPT,"(NINE CRATES ONLY)( BOXES ARE PACK IN,CRATES)BALL BEARINGHS CODE : /,PO NO : & INV NO : E/ -,/ DTD : . . S.B NO : DTD :,. . NET WT : . KGS",,9,Not Available,BMI BEARINGS INDIA LLP,"A206, FLYING COLOURS , ABOVE CROMAP.D.U. MARG , MULUND-WEST, MUMBAI-4TEL.: +91 22 2564 4041",,,9,CTM,0.0,CTM,,0,MAERSK KENSINGTON,25153195254592097,page_li4,https://app.volza.com/workspace/search/24846649#Shipments,"New York, NY"
,DSVFCPQ0054386,,Schaeffler Group USA Inc,3900 S Range Line Road,United States,,HLBU3341704,0,United States,Brazil,2025-12-15T00:00:00,-,6907,848210,"Ball or roller bearings, and parts thereof:, Ball bearings",,SCHAEFFLER BRASIL LTDA,HLCUSS5251039289,0,0,,-,Z To Order and NA,,,-,Charleston,OP Brazil,ARC COIL SPRING,,17,Not Available,Schaeffler Brasil Ltda,Avenida Independencia 3500 Bairro Eden C P 18087-101,,,17,PKG,0.0,PKG,,0,RDO FORTUNE,25153195254375228,page_li4,https://app.volza.com/workspace/search/24846649#Shipments,"Charleston, SC"
,DSVFCPQ0054385,,Schaeffler Group USA Inc,3900 S Range Line Road,United States,,HLBU3341704,0,United States,Brazil,2025-12-15T00:00:00,-,504,848210,"Ball or roller bearings, and parts thereof:, Ball bearings",,SCHAEFFLER BRASIL LTDA,HLCUSS5251039289,0,0,,-,Z To Order and NA,,,-,Charleston,OP Brazil,HYDRAULIC PIVOT ELEMENT,,4,Not Available,Schaeffler Brasil Ltda,Avenida Independencia 3500 Bairro Eden C P 18087-101,,,4,PKG,0.0,PKG,,0,RDO FORTUNE,25153195254375227,page_li4,https://app.volza.com/workspace/search/24846649#Shipments,"Charleston, SC"
,DSVFCPQ0054383,,Schaeffler Group USA Inc,3900 S Range Line Road,United States,,HLBU3341704,0,United States,Brazil,2025-12-15T00:00:00,-,130,848210,"Ball or roller bearings, and parts thereof:, Ball bearings",,SCHAEFFLER BRASIL LTDA,HLCUSS5251039289,0,0,,-,Z To Order and NA,,,-,Charleston,OP Brazil,"RACEWAY MADE OF STEEL FOR BEARING OF RADIAL L,OAD",,1,Not Available,Schaeffler Brasil Ltda,Avenida Independencia 3500 Bairro Eden C P 18087-101,,,1,PKG,0.0,PKG,,0,RDO FORTUNE,25153195254375225,page_li4,https://app.volza.com/workspace/search/24846649#Shipments,"Charleston, SC"
,DSVFCPQ0054387,,Schaeffler Group USA Inc,3900 S Range Line Road,United States,,HLBU3341704,0,United States,Brazil,2025-12-15T00:00:00,-,3030,848210,"Ball or roller bearings, and parts thereof:, Ball bearings",,SCHAEFFLER BRASIL LTDA,HLCUSS5251039289,0,0,,-,Z To Order and NA,,,-,Charleston,OP Brazil,SOCKET PLUNGER HYDRAULIC LASH ADJUSTER,,10,Not Available,Schaeffler Brasil Ltda,Avenida Independencia 3500 Bairro Eden C P 18087-101,,,10,PKG,0.0,PKG,,0,RDO FORTUNE,25153195254375229,page_li4,https://app.volza.com/workspace/search/24846649#Shipments,"Charleston, SC"
,DSVFCPQ0054384,,Schaeffler Group USA Inc,3900 S Range Line Road,United States,,HLBU3341704,0,United States,Brazil,2025-12-15T00:00:00,-,225,848210,"Ball or roller bearings, and parts thereof:, Ball bearings",,SCHAEFFLER BRASIL LTDA,HLCUSS5251039289,0,0,,-,Z To Order and NA,,,-,Charleston,OP Brazil,CYLINDRICAL ROLLER,,1,Not Available,Schaeffler Brasil Ltda,Avenida Independencia 3500 Bairro Eden C P 18087-101,,,1,PKG,0.0,PKG,,0,RDO FORTUNE,25153195254375226,page_li5,https://app.volza.com/workspace/search/24846649#Shipments,"Charleston, SC"
,DSVFCPQ0052865,,Schaeffler Group USA Inc,3900 S Range Line Road,United States,,HLBU3341704,0,United States,Brazil,2025-12-15T00:00:00,-,1,848210,"Ball or roller bearings, and parts thereof:, Ball bearings",,SCHAEFFLER BRASIL LTDA,HLCUSS5251039289,0,0,,-,Z To Order and NA,,,-,Charleston,OP Brazil,SPINDLE BEARING STEE,,1,Not Available,Schaeffler Brasil Ltda,Avenida Independencia 3500 Bairro Eden C P 18087-101,,,1,PKG,0.0,PKG,,0,RDO FORTUNE,25153195254375224,page_li5,https://app.volza.com/workspace/search/24846649#Shipments,"Charleston, SC"
,SIFKSHYD25012858,,PROPEYE INC,20 SHIVELY ROAD,United States,,ONEU6003929,0,United States,India,2025-12-12T00:00:00,-,12565,730630,"Other tubes, pipes and hollow profiles (for example, open seamed or welded, riveted or similarly closed), of iron or steel:, welded, of circular cross section, of iron or nonalloy steel",,NIL,ONEYHYDF04111800,0,0,,-,Z To Order and NA,,,-,Los Angeles,JNPT,"PREFABRICATED STEEL BUILDING KIT OF PART S FO,R MODULAR STEEL UNITS",,266,Not Available,URBANSHAASTRA SMART BUILD PVT LTD,"A705, FORTUNE NEST, SY NO 187",,,266,PKG,0.0,PKG,,0,NYK VESTA,25153195254292100,page_li5,https://app.volza.com/workspace/search/24846649#Shipments,"Los Angeles, CA"
,DSVFCPQ0053515,,Schaeffler Group USA Inc,3900 S Range Line Road,United States,,SLSU8063670,0,United States,Brazil,2025-12-10T00:00:00,-,710,848210,"Ball or roller bearings, and parts thereof:, Ball bearings",,SCHAEFFLER BRASIL LTDA,HLCUSS5250945614,0,0,,"4975 Lacross Road, Suite 305",DSV Air & Sea Inc,,,-,Charleston,OP Brazil,AUTO PARTS,,4,Not Available,Schaeffler Brasil Ltda,Avenida Independencia 3500 Bairro Eden C P 18087-101,,,4,PKG,0.0,PKG,,0,MAERSK MONTE ALEGRE,25153195254224085,page_li5,https://app.volza.com/workspace/search/24846649#Shipments,"Charleston, SC"
,DSVFCPQ0053514,,Schaeffler Group USA Inc,3900 S Range Line Road,United States,,SLSU8063670,0,United States,Brazil,2025-12-10T00:00:00,-,1017,848210,"Ball or roller bearings, and parts thereof:, Ball bearings",,SCHAEFFLER BRASIL LTDA,HLCUSS5250945614,0,0,,"4975 Lacross Road, Suite 305",DSV Air & Sea Inc,,,-,Charleston,OP Brazil,AUTO PARTS,,5,Not Available,Schaeffler Brasil Ltda,Avenida Independencia 3500 Bairro Eden C P 18087-101,,,5,PKG,0.0,PKG,,0,MAERSK MONTE ALEGRE,25153195254224086,page_li5,https://app.volza.com/workspace/search/24846649#Shipments,"Charleston, SC"
,DSVFCPQ0051612,,Schaeffler Group USA Inc,3900 S Range Line Road,United States,,SLSU8063670,0,United States,Brazil,2025-12-10T00:00:00,-,10617,848210,"Ball or roller bearings, and parts thereof:, Ball bearings",,SCHAEFFLER BRASIL LTDA,HLCUSS5250945614,0,0,,"4975 Lacross Road, Suite 305",DSV Air & Sea Inc,,,-,Charleston,OP Brazil,AUTO PARTS,,36,Not Available,Schaeffler Brasil Ltda,Avenida Independencia 3500 Bairro Eden C P 18087-101,,,36,PKG,0.0,PKG,,0,MAERSK MONTE ALEGRE,25153195254224087,page_li5,https://app.volza.com/workspace/search/24846649#Shipments,"Charleston, SC"
,DSVFAMD8096452,,Schaeffler Group USA Inc,3900 S Range Line Road,United States,,TRHU4549338,0,United States,India,2025-12-04T00:00:00,-,244,848210,"Ball or roller bearings, and parts thereof:, Ball bearings",,32865422,HLCUBO1251098359,0,0,,-,Z To Order and NA,,,-,Charleston,JNPT,"AUTOMOTIVE PARTSANGULAR CONTACT BALL BEARINGC,YLINDRICAL ROLLER BEARINGHSN CODE : /,/ INV. NO. - SI I,NVOICE DATE - / / SB NO. DATE :,. . NET WT : . KGS",,1,Not Available,Schaeffler India Ltd,"Survey No. 950 Rayakottah Road, Krishnagiri District",,,1,PKG,0.0,PKG,,0,BREMEN EXPRESS,25153195255412169,page_li5,https://app.volza.com/workspace/search/24846649#Shipments,"Charleston, SC"
,DSVFAMD8096449,,Schaeffler Group USA Inc,3900 S Range Line Road,United States,,TRHU4549338,0,United States,India,2025-12-04T00:00:00,-,77,848210,"Ball or roller bearings, and parts thereof:, Ball bearings",,32887742,HLCUBO1251098359,0,0,,-,Z To Order and NA,,,-,Charleston,JNPT,"AUTOMOTIVE PARTSDEEP GROOVE BALL BEARINGHSN C,ODE : INV. NO. - SI INVO,ICE DATE - / / SB NO. DATE : .,. NETW WT : . KGS",,1,Not Available,Schaeffler India Ltd,"Survey No. 950 Rayakottah Road, Krishnagiri District",,,1,PKG,0.0,PKG,,0,BREMEN EXPRESS,25153195255412166,page_li5,https://app.volza.com/workspace/search/24846649#Shipments,"Charleston, SC"
,DSVFAMD8096468,,Schaeffler Group USA Inc,3900 S Range Line Road,United States,,TRHU4549338,0,United States,India,2025-12-04T00:00:00,-,3872,848210,"Ball or roller bearings, and parts thereof:, Ball bearings",,32887166,HLCUBO1251098359,0,0,,-,Z To Order and NA,,,-,Charleston,JNPT,"AUTOMOTIVE PARTSDEEP GROOVE BALL BEARINGCYLIN,DRICAL ROLLER BEARINGHSN CODE : /,INV. NO. - SI INV. DATE -,/ / SB NO. DATE : . . NET,WT : . KGS",,13,Not Available,Schaeffler India Ltd,"Survey No. 950 Rayakottah Road, Krishnagiri District",,,13,PKG,0.0,PKG,,0,BREMEN EXPRESS,25153195255412174,page_li5,https://app.volza.com/workspace/search/24846649#Shipments,"Charleston, SC"
,DSVFAMD8096471,,Schaeffler Group USA Inc,3900 S Range Line Road,United States,,TRHU4549338,0,United States,India,2025-12-04T00:00:00,-,1240,848210,"Ball or roller bearings, and parts thereof:, Ball bearings",,32887699,HLCUBO1251098359,0,0,,-,Z To Order and NA,,,-,Charleston,JNPT,"AUTOMOTIVE PARTSANGULAR CONTACT BALL BEARINGH,SN COE : INV. NO. - SI I,NVOICE DATE - / / SB NO. DATE :,. . NET WT : , . KGS",,6,Not Available,Schaeffler India Ltd,"Survey No. 950 Rayakottah Road, Krishnagiri District",,,6,PKG,0.0,PKG,,0,BREMEN EXPRESS,25153195255412175,page_li5,https://app.volza.com/workspace/search/24846649#Shipments,"Charleston, SC"
,DSVFAMD8096086,,Schaeffler Group USA Inc,3900 S Range Line Road,United States,,TRHU4549338,0,United States,India,2025-12-04T00:00:00,-,1517,848210,"Ball or roller bearings, and parts thereof:, Ball bearings",,32859069,HLCUBO1251098359,0,0,,-,Z To Order and NA,,,-,Charleston,JNPT,"AUTOMOTIVE PARTSDEEP GROOVE BALL BEARINGCYLIN,DRICAL ROLLER BEARINGTAPERED ROLLER BEARINGHS,N CODE : / / INV. NO,. - SI INV. DATE - / / SB,NO. DATE : . . NET WT : .,KGS",,5,Not Available,Schaeffler India Ltd,"Survey No. 950 Rayakottah Road, Krishnagiri District",,,5,PKG,0.0,PKG,,0,BREMEN EXPRESS,25153195255412158,page_li5,https://app.volza.com/workspace/search/24846649#Shipments,"Charleston, SC"
,DSVFAMD8096455,,Schaeffler Group USA Inc,3900 S Range Line Road,United States,,TRHU4549338,0,United States,India,2025-12-04T00:00:00,-,414,848210,"Ball or roller bearings, and parts thereof:, Ball bearings",,32887695,HLCUBO1251098359,0,0,,-,Z To Order and NA,,,-,Charleston,JNPT,"AUTOMOTIVE PARTSANGULAR CONTACT BALL BEARINGD,EEP GROOVE BALL BEARINGCYLINDRICAL ROLLER BEA,RINGTAPERED ROLLER BEARINGHSN CODE :,/ / / INV. NO. - SI,INV. DATE - / / SB NO.,DATE : . . NET WT : . KGS",,2,Not Available,Schaeffler India Ltd,"Survey No. 950 Rayakottah Road, Krishnagiri District",,,2,PKG,0.0,PKG,,0,BREMEN EXPRESS,25153195255412171,page_li5,https://app.volza.com/workspace/search/24846649#Shipments,"Charleston, SC"
,DSVFAMD8096469,,Schaeffler Group USA Inc,3900 S Range Line Road,United States,,CAIU8525487,0,United States,India,2025-12-04T00:00:00,-,156,848210,"Ball or roller bearings, and parts thereof:, Ball bearings",,32887747,HLCUBO12510APQF3,0,0,,-,Z To Order and NA,,,-,Charleston,JNPT,"AUTOMOTIVE PARTSANGULAR CONTACT BALL BEARINGT,RACK ROLLERCYLINDRICAL ROLLER BEARINGTAPERED,ROLLER BEARINGHSN CODE : / /,/ / INV. NO. - SI,INV. DATE - / / SB NO. D,ATE : . . NET WT : . KG",,1,Not Available,Schaeffler India Ltd,"Survey No. 950 Rayakottah Road, Krishnagiri District",,,1,PKG,0.0,PKG,,0,BREMEN EXPRESS,25153195255410512,page_li5,https://app.volza.com/workspace/search/24846649#Shipments,"Charleston, SC"
,DSVFAMD8096006,,Schaeffler Group USA Inc,3900 S Range Line Road,United States,,NYKU4818864,0,United States,India,2025-12-03T00:00:00,-,1115,848210,"Ball or roller bearings, and parts thereof:, Ball bearings",,32857260,ONEYMUMF92794600,0,0,,-,Z To Order and NA,,,-,Charleston,JNPT,"AUTOMOTIVE PARTSANGULAR CONTACT BALL BEARINGC,YLINDRICAL ROLLER BEARINGDEEP GROOVE BALL BEA,RINGTAPERED ROLLER BEARINGHSN CODE :,/ / / INV. NO. - SI,INV. DATE - / / SB NO.,DATE : . . NET WT : , . KGS",,3,Not Available,Schaeffler India Ltd,"Survey No. 950 Rayakottah Road, Krishnagiri District",,,3,PKG,0.0,PKG,,0,ONE MAGNIFICENCE,25153195254118280,page_li5,https://app.volza.com/workspace/search/24846649#Shipments,"Charleston, SC"
,DSVFAMD8095795,,Schaeffler Group USA Inc,3900 S Range Line Road,United States,,NYKU4818864,0,United States,India,2025-12-03T00:00:00,-,734,848210,"Ball or roller bearings, and parts thereof:, Ball bearings",,32820808,ONEYMUMF92794600,0,0,,-,Z To Order and NA,,,-,Charleston,JNPT,"AUTOMOTIVE PARTSANGULAR CONTACT BALL BEARINGC,YLINDRICAL ROLLER BEARINGDEEP GROOVE BALL BEA,RINGTRACK ROLLERHSN CODE : / /,INV. NO. - SI INV. DA,TE - / / SB NO. DATE : . .,NET WT : . KGS",,3,Not Available,Schaeffler India Ltd,"Survey No. 950 Rayakottah Road, Krishnagiri District",,,3,PKG,0.0,PKG,,0,ONE MAGNIFICENCE,25153195254118284,page_li5,https://app.volza.com/workspace/search/24846649#Shipments,"Charleston, SC"
,DSVFAMD8095784,,Schaeffler Group USA Inc,3900 S Range Line Road,United States,,NYKU4818864,0,United States,India,2025-12-03T00:00:00,-,400,848210,"Ball or roller bearings, and parts thereof:, Ball bearings",,32816765DATE - 09/20/2025,ONEYMUMF92794600,0,0,,-,Z To Order and NA,,,-,Charleston,JNPT,"AUTOMOTIVE PARTSANGULAR CONTACT BALL BEARINGD,EEP GROOVE BALL BEARINGCYLINDRICAL ROLLER BEA,RINGTAPERED ROLLER BEARINGHSN CODE :,/ / / INV. NO. - SI,INV. DATE - / / SB NO.,DATE : . . NET WT : . KGS",,2,Not Available,Schaeffler India Ltd,"Survey No. 950 Rayakottah Road, Krishnagiri District",,,2,PKG,0.0,PKG,,0,ONE MAGNIFICENCE,25153195254118285,page_li5,https://app.volza.com/workspace/search/24846649#Shipments,"Charleston, SC"
,DSVFAMD8095796,,Schaeffler Group USA Inc,3900 S Range Line Road,United States,,NYKU4818864,0,United States,India,2025-12-03T00:00:00,-,1454,848210,"Ball or roller bearings, and parts thereof:, Ball bearings",,32826698,ONEYMUMF92794600,0,0,,-,Z To Order and NA,,,-,Charleston,JNPT,"AUTOMOTIVE PARTSDEEP GROOVE BALL BEARINGCYLIN,DRICAL ROLLER BEARINGHSN CODE : /,INV. NO. - SI INV. DATE -,/ / SB NO. DATE : . . NET,WT : , . KGS",,6,Not Available,Schaeffler India Ltd,Survey 310 2 Kuthambakkam Road Sripurambudur Taluk,,,6,PKG,0.0,PKG,,0,ONE MAGNIFICENCE,25153195254118295,page_li5,https://app.volza.com/workspace/search/24846649#Shipments,"Charleston, SC"
,DSVFAMD8095794,,Schaeffler Group USA Inc,3900 S Range Line Road,United States,,NYKU4818864,0,United States,India,2025-12-03T00:00:00,-,877,848210,"Ball or roller bearings, and parts thereof:, Ball bearings",,32826491,ONEYMUMF92794600,0,0,,-,Z To Order and NA,,,-,Charleston,JNPT,"AUTOMOTIVE PARTSANGULAR CONTACT BALL BEARINGC,YLINDRICAL ROLLER BEARINGHSN CODE : /,INV. NO. - SI INV. DA,TE - / / SB NO. DATE : . .,NET WT : . KGS",,3,Not Available,Schaeffler India Ltd,"Survey No. 950 Rayakottah Road, Krishnagiri District",,,3,PKG,0.0,PKG,,0,ONE MAGNIFICENCE,25153195254118296,page_li5,https://app.volza.com/workspace/search/24846649#Shipments,"Charleston, SC"
,DSVFAMD8096083,,Schaeffler Group USA Inc,3900 S Range Line Road,United States,,TCNU5565350,0,United States,India,2025-12-03T00:00:00,-,514,848210,"Ball or roller bearings, and parts thereof:, Ball bearings",,32857487,ONEYMUMF91804400,0,0,,-,Z To Order and NA,,,-,Charleston,JNPT,"AUTOMOTIVE PARTSDEEP GROOVE BALL BEARINGCYLIN,DRICAL ROLLER BEARINGHSN CODE : /,/ INV. NO. - SI INVOI,CE DATE - / / SB NO. DATE : .,. NET WT : . KGS",,2,Not Available,Schaeffler India Ltd,"Survey No. 950 Rayakottah Road, Krishnagiri District",,,2,PKG,0.0,PKG,,0,ONE MAGNIFICENCE,25153195254118269,page_li5,https://app.volza.com/workspace/search/24846649#Shipments,"Charleston, SC"
,DSVFAMD8096008,,Schaeffler Group USA Inc,3900 S Range Line Road,United States,,TCNU5565350,0,United States,India,2025-12-03T00:00:00,-,659,848210,"Ball or roller bearings, and parts thereof:, Ball bearings",,32857484,ONEYMUMF91804400,0,0,,-,Z To Order and NA,,,-,Charleston,JNPT,"AUTOMOTIVE PARTSDEEP GROOVE BALL BEARINGCYLIN,DRICAL ROLLER BEARINGANGULAR CONTACT BALL BEA,RINGTAPERED ROLLER BEARINGHSN CODE :,/ / / INV. NO. - SI,INV. DATE - / / SB NO.,DATE : . . NET WT : . KGS",,2,Not Available,Schaeffler India Ltd,"Survey No. 950 Rayakottah Road, Krishnagiri District",,,2,PKG,0.0,PKG,,0,ONE MAGNIFICENCE,25153195254118268,page_li5,https://app.volza.com/workspace/search/24846649#Shipments,"Charleston, SC"
,DSVFAMD8095786,,Schaeffler Group USA Inc,3900 S Range Line Road,United States,,NYKU4818864,0,United States,India,2025-12-03T00:00:00,-,515,848210,"Ball or roller bearings, and parts thereof:, Ball bearings",,32816768,ONEYMUMF92794600,0,0,,-,Z To Order and NA,,,-,Charleston,JNPT,"AUTOMOTIVE PARTSDEEP GROOVE BALL BEARINGCYLIN,DRICAL ROLLER BEARINGHSN CODE : /,INV. NO. - SI INV. DATE -,/ / SB NO. DATE : . . NET,WT : . KGS",,2,Not Available,Schaeffler India Ltd,"Survey No. 950 Rayakottah Road, Krishnagiri District",,,2,PKG,0.0,PKG,,0,ONE MAGNIFICENCE,25153195254118290,page_li5,https://app.volza.com/workspace/search/24846649#Shipments,"Charleston, SC"
,DSVFAMD8095978,,Schaeffler Group USA Inc,3900 S Range Line Road,United States,,TCNU5565350,0,United States,India,2025-12-03T00:00:00,-,165,848210,"Ball or roller bearings, and parts thereof:, Ball bearings",,32857391,ONEYMUMF91804400,0,0,,-,Z To Order and NA,,,-,Charleston,JNPT,"AUTOMOTIVE PARTSANGULAR CONTACT BALL BEARINGC,YLINDRICAL ROLLER BEARINGDEEP GROOVE BALL BEA,RINGTAPERED ROLLER BEARINGHSN CODE :,/ / / INV. NO. - SI,INV. DATE - / / SB NO.,DATE : . . NET WT : . KGS",,1,Not Available,Schaeffler India Ltd,"Survey No. 950 Rayakottah Road, Krishnagiri District",,,1,PKG,0.0,PKG,,0,ONE MAGNIFICENCE,25153195254118261,page_li5,https://app.volza.com/workspace/search/24846649#Shipments,"Charleston, SC"
,DSVFCPQ0053815,,Schaeffler Group USA Inc,3900 S Range Line Road,United States,,BMOU6670887,0,United States,Brazil,2025-12-02T00:00:00,-,216,848210,"Ball or roller bearings, and parts thereof:, Ball bearings",,SCHAEFFLER BRASIL LTDA,HLCUSS5251039256,0,0,,-,Z To Order and NA,,,-,Charleston,OP Brazil,AUTO PARTS,,2,Not Available,Schaeffler Brasil Ltda,Avenida Independencia 3500 Bairro Eden C P 18087-101,,,2,PKG,0.0,PKG,,0,MAERSK MONTE AZUL,25153195254005756,page_li5,https://app.volza.com/workspace/search/24846649#Shipments,"Charleston, SC"
,DSVFCPQ0053816,,Schaeffler Group USA Inc,3900 S Range Line Road,United States,,BMOU6670887,0,United States,Brazil,2025-12-02T00:00:00,-,6383,848210,"Ball or roller bearings, and parts thereof:, Ball bearings",,SCHAEFFLER BRASIL LTDA,HLCUSS5251039256,0,0,,-,Z To Order and NA,,,-,Charleston,OP Brazil,AUTO PARTS,,29,Not Available,Schaeffler Brasil Ltda,Avenida Independencia 3500 Bairro Eden C P 18087-101,,,29,PKG,0.0,PKG,,0,MAERSK MONTE AZUL,25153195254005757,page_li5,https://app.volza.com/workspace/search/24846649#Shipments,"Charleston, SC"
,,HAPAG LLOYD A G,Airlift USA Inc,988 Shopper Boulevard,UNITED STATES,,CAAU6987009,0,United States,India,2025-11-28T00:00:00,-,21452,730630,"Other tubes, pipes and hollow profiles (for example, open seamed or welded, riveted or similarly closed), of iron or steel:, welded, of circular cross section, of iron or nonalloy steel",,NO MARKS . . . . . . . . .,HLCUBO12510ARPU8,0,21452,,988 Shopper Boulevard,Airlift USA Inc,,,-,Norfolk,JNPT,PRECISION TUBE (ERW/CEW CARBON TOTAL PACKAGES ONLY (TWENTY NINE PACKAGES ONLY) PRECISION TUBE (ERW/CEW CARBON STEEL MECHANICAL ROUND TUBE) HS CODE HBL NO MUM,,29,Not Available,Airlift Global Carriers Pvt. Ltd.,"501 Kailash Tower, A-Wing, Opp. Regency Hotel, N. S. Phadke Marg, Andheri (East)",,,29,NOS,0.0,PCS,,0,BREMEN EXPRESS,25153195255113910,page_li5,https://app.volza.com/workspace/search/24846649#Shipments,"Norfolk, VA"
,,MAERSK LINE,IMELUZ SOC COOP ANDALUZA,"SA 13 CALLE PINTORES , POLIGONO INDUSTRIAL ROTA P P TRES",,,CAAU7972868,0,United States,Mexico,2025-11-28T00:00:00,-,42011,730630,"Other tubes, pipes and hollow profiles (for example, open seamed or welded, riveted or similarly closed), of iron or steel:, welded, of circular cross section, of iron or nonalloy steel",,NO MARKS,MAEU260745285,0,19073,,"C/Princ, Esa, 31",Containers S.A.,,,-,Houston,Veracruz,TUBERIA DE ACERO GALVANIZADO,,26,Not Available,INTERCONTINENTAL ICK MEX SA DE CV,OFICINA 103 AV. PASEO DE LOS TRIUNF,,,26,PKG,0.0,PKG,,0,JAMAICA EXPRESS,25153195255108141,page_li5,https://app.volza.com/workspace/search/24846649#Shipments,"Houston-Galveston, TX"
,,,"CTLLAX, Inc.","4281 Katella Ave., Suite 200",UNITED STATES,,GCXU5220989,0,United States,India,2025-11-26T00:00:00,-,19500,848210,"Ball or roller bearings, and parts thereof:, Ball bearings:",,VARIOUS MARKS & NUMBERS,ONEYMUMF87296700,50,0,,"4281 Katella Ave., Suite 200","CTLLAX, Inc.",,,-,Los Angeles,JNPT,"BALL BEARINGS OR ROLLER BEARINGS AND SPARE PA,RTS",,300,Not Available,CTL Logistics (India) Pvt. Ltd.,"BSEL Tech Park, C-912 Plot No-39/5 & 39/5A, Sector-30 A",,,300,PKG,0.0,PKG,,0,YM UNIFORMITY,25153195253828869,page_li5,https://app.volza.com/workspace/search/24846649#Shipments,"Los Angeles, CA"
,,,Amity Global Logistics Inc,50 Cragwood Road Suite 115,United States,,"OOCU8855359,TGBU9649526",0,United States,India,2025-11-25T00:00:00,-,38750,730630,"Other tubes, pipes and hollow profiles (for example, open seamed or welded, riveted or similarly closed), of iron or steel:, welded, of circular cross section, of iron or nonalloy steel",,"MARKS,NO MARKS,NO SHIPPING",COSU6432220410,0,0,,50 Cragwood Road Suite 115,Amity Global Logistics Inc,,,-,New York Newark Area Newark New Jersey,Mundra,EMT HOT DIPPED GALVANISED CONDUITS,,46,Not Available,Steam Pulse India Pvt Ltd,"Unit 1026, Summit Business Park 1026",,,46,PKG,0.0,PKG,,0,ONE MAGNIFICENCE,25153195253765527,page_li5,https://app.volza.com/workspace/search/24846649#Shipments,"New York, NY"
,HLCUME3PJ35910AA,,Uzauto Motor JSC,"81, Humo Street, Asaka",UZBEKISTAN,,FSCU8434065,0,United States,Mexico,2025-11-22T00:00:00,-,4927,730630,"Other tubes, pipes and hollow profiles (for example, open seamed or welded, riveted or similarly closed), of iron or steel:, welded, of circular cross section, of iron or nonalloy steel",,".,SA69649",HLCUME3251035910,0,0,,"81, Humo Street, Asaka",Uzauto Motor JSC,,,-,Houston,OP Mexico,"PIPE ASM-F/TNK FIL (W/ FIL HOSE),NET WEIGHT .",,13,Not Available,Stant Manufactura De Mexico S.A.C.,Circuito Corral De Piedras 37,,,13,NOS,0.0,PCS,,0,RDO CONCORD,25153195253621184,page_li5,https://app.volza.com/workspace/search/24846649#Shipments,"Houston-Galveston, TX"
,,ONEY,DALIAN KERRY LOGISTICS CO LTD,ROOM 906 NO.61 RENMIN RD DALIAN,CHINA,,TCLU8940571,0,United States,Canada,2025-11-21T00:00:00,-,15060,730630,"Other tubes, pipes and hollow profiles (for example, open seamed or welded, riveted or similarly closed), of iron or steel:, welded, of circular cross section, of iron or nonalloy steel",,NO MARKS,ONEYRICFLM172700,35,15060,,ROOM 906 NO.61 RENMIN RD DALIAN,DALIAN KERRY LOGISTICS CO LTD,,,-,Tacoma,OP Canada,"STEEL OR IRON PIPES & TUBES, WELDED, CIRCULAR,CROSS SECTION (NOT CAST) (UNDER . MM) AND,OTHER, TUBES, PIPES & HOLLOW PROFILES, WELDE,D, OF CIRCULAR CROSS-SECTION, OF IRON OR NO,N-ALLOY STEEL, N.E.S CERS NO (CANADA) P.O.R:,CERS AR",,22,Not Available,Harbour Faith Logistics Inc,Suite 110 13888 Wireless Way,,,22,NOS,0.0,PCS,,0,YM ORCHID,25153195253674428,page_li5,https://app.volza.com/workspace/search/24846649#Shipments,"Seattle, WA"
,DSVFAMD8095515,,Schaeffler Group USA Inc,3900 S Range Line Road,United States,,HLBU2632670,0,United States,India,2025-11-19T00:00:00,-,720,848210,"Ball or roller bearings, and parts thereof:, Ball bearings:",,32815627,HLCUBO12509BSGQ0,0,0,,-,Z To Order and NA,,,-,Charleston,JNPT,"AUTOMOTIVE PARTSDEEP GROOVE BALL BEARINGTAPER,ED ROLLER BEARINGCYLINDRICAL ROLLER BEARINGAN,GULAR CONTACT BALL BEARINGHSN CODE :,/ / / / INVOICE N,O. - SI INVOICE DATE - / / SB,NO. DATE : . . NET WT : .,KGS",,3,Not Available,Schaeffler India Ltd,"Survey No. 950 Rayakottah Road, Krishnagiri District",,,3,PKG,0.0,PKG,,0,TOLTEN,25153195253541628,page_li5,https://app.volza.com/workspace/search/24846649#Shipments,"Charleston, SC"
,DSVFAMD8095520,,Schaeffler Group USA Inc,3900 S Range Line Road,United States,,HLBU2632670,0,United States,India,2025-11-19T00:00:00,-,379,848210,"Ball or roller bearings, and parts thereof:, Ball bearings:",,32777893,HLCUBO12509BSGQ0,0,0,,-,Z To Order and NA,,,-,Charleston,JNPT,"AUTOMOTIVE PARTSANGULAR CONTACT BALL BEARINGC,YLINDRICAL ROLLER BEARINGTAPERED ROLLER BEARI,NGHSN CODE : / / INVOIC,E NO. - SI INVOICE DATE - / /,SB NO. DATE : . . NET WT : .,KGS",,2,Not Available,Schaeffler India Ltd,"Survey No. 950 Rayakottah Road, Krishnagiri District",,,2,PKG,0.0,PKG,,0,TOLTEN,25153195253541625,page_li5,https://app.volza.com/workspace/search/24846649#Shipments,"Charleston, SC"
,DSVFAMD8095517,,Schaeffler Group USA Inc,3900 S Range Line Road,United States,,HLBU2632670,0,United States,India,2025-11-19T00:00:00,-,520,848210,"Ball or roller bearings, and parts thereof:, Ball bearings:",,32777892,HLCUBO12509BSGQ0,0,0,,-,Z To Order and NA,,,-,Charleston,JNPT,"AUTOMOTIVE PARTSANGULAR CONTACT BALL BEARINGC,YLINDRICAL ROLLER BEARINGTAPERED ROLLER BEARI,NGDEEP GROOVE BALL BEARINGHSN CODE :,/ / / / INVOICE N,O. - SI INVOICE DATE - / / SB,NO. DATE : . . NET WT : .,KGS",,2,Not Available,Schaeffler India Ltd,"Survey No. 950 Rayakottah Road, Krishnagiri District",,,2,PKG,0.0,PKG,,0,TOLTEN,25153195253541627,page_li5,https://app.volza.com/workspace/search/24846649#Shipments,"Charleston, SC"
,DSVFAMD8095516,,Schaeffler Group USA Inc,3900 S Range Line Road,United States,,HLBU2632670,0,United States,India,2025-11-19T00:00:00,-,168,848210,"Ball or roller bearings, and parts thereof:, Ball bearings:",,32810875,HLCUBO12509BSGQ0,0,0,,-,Z To Order and NA,,,-,Charleston,JNPT,"AUTOMOTIVE PARTSANGULAR CONTACT BALL BEARINGC,YLINDRICAL ROLLER BEARINGTAPERED ROLLER BEARI,NGHSN CODE : / / /,INVOICE NO. - SI INVOICE DATE -,/ / SB NO. DATE : . . NET,WT : . KGS",,1,Not Available,Schaeffler India Ltd,"Survey No. 950 Rayakottah Road, Krishnagiri District",,,1,PKG,0.0,PKG,,0,TOLTEN,25153195253541631,page_li5,https://app.volza.com/workspace/search/24846649#Shipments,"Charleston, SC"
,BWLESSZ59245002,,NSK Canada Inc.,5585 Macadam Road,Canada,,HLBU2424614,0,United States,Brazil,2025-11-19T00:00:00,-,1041,848210,"Ball or roller bearings, and parts thereof:, Ball bearings:",,NSK / BRASIL,HLCUSS5250984957,0,0,,5585 Macadam Road,NSK Canada Inc.,,,-,New York Newark Area Newark New Jersey,OP Brazil,BALL BEARING,,78,Not Available,NSK Brasil Ltda.,"Avenida Vereador Joao Batista Fitipaldi, 66 - Vila Maluf",,,78,PKG,0.0,PKG,,0,MAERSK FREEPORT,25153195253569452,page_li5,https://app.volza.com/workspace/search/24846649#Shipments,"New York, NY"
,DSVFAMD8095521,,Schaeffler Group USA Inc,3900 S Range Line Road,United States,,HLBU2632670,0,United States,India,2025-11-19T00:00:00,-,837,848210,"Ball or roller bearings, and parts thereof:, Ball bearings:",,32773818,HLCUBO12509BSGQ0,0,0,,-,Z To Order and NA,,,-,Charleston,JNPT,"AUTOMOTIVE PARTSANGULAR CONTACT BALL BEARINGC,YLINDRICAL ROLLER BEARINGDEEP GROOVE BALL BEA,RINGTAPERED ROLLER BEARINGHSN CODE :,/ / / INVOICE NO. - SI,INVOICE DATE - / / SB NO.,DATE : . . NET WT : . KGS",,4,Not Available,Schaeffler India Ltd,"Survey No. 950 Rayakottah Road, Krishnagiri District",,,4,PKG,0.0,PKG,,0,TOLTEN,25153195253541626,page_li5,https://app.volza.com/workspace/search/24846649#Shipments,"Charleston, SC"
,DSVFAMD8095518,,Schaeffler Group USA Inc,3900 S Range Line Road,United States,,HLBU2632670,0,United States,India,2025-11-19T00:00:00,-,696,848210,"Ball or roller bearings, and parts thereof:, Ball bearings:",,32778913,HLCUBO12509BSGQ0,0,0,,-,Z To Order and NA,,,-,Charleston,JNPT,"AUTOMOTIVE PARTSANGULAR CONTACT BALL BEARINGT,APERED ROLLER BEARINGCYLINDRICAL ROLLER BEARI,NGTRACK ROLLERDEEP GROOVE BALL BEARINGSPHERIC,AL ROLLER BEARINGHSN CODE : /,/ / / / INVOICE N,O. - SI INVOICE DATE - / / SB,NO. DATE : . . NET WT",,11,Not Available,Schaeffler India Ltd,"Survey No. 950 Rayakottah Road, Krishnagiri District",,,11,PKG,0.0,PKG,,0,TOLTEN,25153195253541636,page_li5,https://app.volza.com/workspace/search/24846649#Shipments,"Charleston, SC"
,,HAPAG LLOYD A G,Capricorn Logistics Inc,Tower Lane,UNITED STATES,,"HAMU4312423,HLBU3157894",0,United States,India,2025-11-16T00:00:00,-,41040,730630,"Other tubes, pipes and hollow profiles (for example, open seamed or welded, riveted or similarly closed), of iron or steel:, welded, of circular cross section, of iron or nonalloy steel",,NO MARKS . . . . . . . . . . . . . . . . . . . .,HLCUBO12509BQMK6,0,41040,,Tower Lane,Capricorn Logistics Inc,,,-,Savannah,Mundra,PCS ( BUNDLES) EMT GALVANISED CONDUITS AS PER UL APPROVAL. BOTH ENDS PLAIN PROTECTED WITH NO PLASTIC CAPS. IN THE LENGTH OF FEET ( . MTR.) LENGTH TOLERANCE MM.,,51,Not Available,Capricorn Logistics Pvt. Ltd.,"Ebenezer Mansion 97/H26, Palayamkottai Road Teachers Colony Junction",,,51,NOS,0.0,PCS,,0,TOLTEN,25153195254994587,page_li5,https://app.volza.com/workspace/search/24846649#Shipments,"Savannah, GA"
,DSVFCPQ0053254,DSVF,SCHAEFFLER VEHICLE LIFETIME SOLUTIO,"21487 ROYALTON ROADSTRONGSVILLE , OHIO , 44149",United States,,NIDU5233114,0,United States,Brazil,2025-11-16T00:00:00,-,122,848210,"Ball or roller bearings, and parts thereof:, Ball bearings",,SCHAEFFLER BRASIL LTDA,HLCUSS5250942521,0,122,,-,Z To Order and NA,,,-,Charleston,OP Brazil,AUTO PARTS,,2,Not Available,Schaeffler Brasil Ltda,Av Independencia 3500 A,,,2,PKG,0.0,PKG,,0,MALIAKOS,25153195255130588,page_li5,https://app.volza.com/workspace/search/24846649#Shipments,"Charleston, SC"
,,,KRYSTAL LOGISTICS PANAMA,122212 AVENIDA D,Panama,,"MRSU7934274,SELU4091313",0,United States,Mexico,2025-11-15T00:00:00,-,79873,730630,"Other tubes, pipes and hollow profiles (for example, open seamed or welded, riveted or similarly closed), of iron or steel:, welded, of circular cross section, of iron or nonalloy steel",,NO MARKS,MAEU261318168,0,0,,122212 AVENIDA D,KRYSTAL LOGISTICS PANAMA,,,-,Houston,Veracruz,TUBERIA DE ACERO GALVANIZADO,,55,Not Available,INTERCONTINENTAL ICK MEX SA DE CV,97 A CALLE SAN JUAN BOSCO ZAPOPAN,,,55,PKG,0.0,PKG,,0,MAERSK CHAMBAL,25153195253373756,page_li5,https://app.volza.com/workspace/search/24846649#Shipments,"Houston-Galveston, TX"
,,,Red Line Spedition & Logistik GmbH,Marburger Str. 427,Germany,,HLBU8273747,0,United States,Mexico,2025-11-15T00:00:00,-,26382,848210,"Ball or roller bearings, and parts thereof:, Ball bearings",,NO MARKS,HLCUME3251073171,0,0,,Memmingerstrasse 68 - Werk 1,Liebherr Components GmbH,,,-,Miami,OP Mexico,BALL SLEWING RING,,3,Not Available,Liebherr Monterrey,Carretera Monterrey - Garcia 11 El Durazno,,,3,NOS,0.0,PCS,,0,SFL HAWAII,25153195253374952,page_li5,https://app.volza.com/workspace/search/24846649#Shipments,"Miami, FL"
,,,HIDROMEK HIDROLIK VE MEKANIK MAKI,AHI EVRAN OSB MH. OSMANLI CD.NO:1 SANKARA 06 06935,MARSHALL ISLANDS,,FCIU9407276,0,United States,Mexico,2025-11-14T00:00:00,-,18480,848210,"Ball or roller bearings, and parts thereof:, Ball bearings",,NO MARKS,MEDUXF625362,0,0,,AHI EVRAN OSB MH. OSMANLI CD.NO:1 SANKARA 06 06935,HIDROMEK HIDROLIK VE MEKANIK MAKI,,,-,Houston,OP Mexico,"BALL OR ROLLER BEARINGS - BALL BEARINGS - ROL,LER SLEWING RING",,6,Not Available,Liebherr Monterrey S de RL de CV,Carretera Monterrey Garcia,,,6,PKG,0.0,BOX,,0,MSC BHAVYA V,25153195253324960,page_li5,https://app.volza.com/workspace/search/24846649#Shipments,"Houston-Galveston, TX"
,,,Kluane Colombia SAS,Autopista Medellin Calle 80 Km 7 Costado Occidental Centro Celta Trade Park Uno Bodega 73A,Colombia,,FCIU4137049,0,United States,Mexico,2025-11-12T00:00:00,-,50706,730630,"Other tubes, pipes and hollow profiles (for example, open seamed or welded, riveted or similarly closed), of iron or steel:, welded, of circular cross section, of iron or nonalloy steel:",,NO MARKS NO NUMBERS,ZIMUMEX960516,0,0,,CALLE 50 71A-23,FAST EXPRESS CARGO SAS,,,-,Houston,OP Mexico,TUBERIA PARA PERFORACION O SONDEO,,79,Not Available,KDL Mexico S A de C V,Antimonio No. 123 Indl CP,,,79,PKG,0.0,PKG,,0,ZIM BALTIMORE,25153195253284298,page_li5,https://app.volza.com/workspace/search/24846649#Shipments,"Houston-Galveston, TX"
,DSVFCPQ0052681,,Schaeffler Group USA Inc,3900 S Range Line Road,United States,,CAIU7912049,0,United States,Brazil,2025-11-11T00:00:00,-,7609,848210,"Ball or roller bearings, and parts thereof:, Ball bearings:",,SCHAEFFLER BRASIL LTDA,HLCUSS5250942119,0,0,,-,Z To Order and NA,,,-,Charleston,OP Brazil,AUTO PARTS,,20,Not Available,Schaeffler Brasil Ltda,Avenida Independencia 3500 Bairro Eden C P 18087-101,,,20,PKG,0.0,PKG,,0,MAERSK FRANKFURT,25153195253213702,page_li5,https://app.volza.com/workspace/search/24846649#Shipments,"Charleston, SC"
,DSVFCPQ0052679,,SCHAEFFLER VEHICLE LIFETIME SOLUTIO,"21487 ROYALTON ROADSTRONGSVILLE , OHIO , 44149",United States,,CAIU7912049,0,United States,Brazil,2025-11-11T00:00:00,-,47,848210,"Ball or roller bearings, and parts thereof:, Ball bearings:",,SCHAEFFLER BRASIL LTDA,HLCUSS5250942119,0,0,,-,Z To Order and NA,,,-,Charleston,OP Brazil,AUTO PARTS,,1,Not Available,Schaeffler Brasil Ltda,Avenida Independencia 3500 Bairro Eden C P 18087-101,,,1,PKG,0.0,PKG,,0,MAERSK FRANKFURT,25153195253213700,page_li5,https://app.volza.com/workspace/search/24846649#Shipments,"Charleston, SC"
,DSVFCPQ0052680,,Schaeffler Group USA Inc,3900 S Range Line Road,United States,,CAIU7912049,0,United States,Brazil,2025-11-11T00:00:00,-,149,848210,"Ball or roller bearings, and parts thereof:, Ball bearings:",,SCHAEFFLER BRASIL LTDA,HLCUSS5250942119,0,0,,-,Z To Order and NA,,,-,Charleston,OP Brazil,AUTO PARTS,,1,Not Available,Schaeffler Brasil Ltda,Avenida Independencia 3500 Bairro Eden C P 18087-101,,,1,PKG,0.0,PKG,,0,MAERSK FRANKFURT,25153195253213701,page_li5,https://app.volza.com/workspace/search/24846649#Shipments,"Charleston, SC"
,CHSL528260639BOM,,Z To Order and NA,-,Canada,,FANU1882996,0,United States,India,2025-11-10T00:00:00,-,110870,73063090,"Other tubes, pipes and hollow profiles (for example, open seamed or welded, riveted or similarly closed), of iron or steel:, welded, of circular cross section, of iron or nonalloy steel:",,1-24,HLCUBO12509AULB0,0,0,,-,Z To Order and NA,,,-,New York Newark Area Newark New Jersey,Mundra,GI PIPES,,24,Not Available,Z To Order and NA,-,,,24,PKG,0.0,PKG,,0,TOLTEN,25153195253137765,page_li5,https://app.volza.com/workspace/search/24846649#Shipments,"New York, NY"
,DSVFAMD8094905,,Schaeffler Group USA Inc,3900 S Range Line Road,United States,,FANU3075062,0,United States,India,2025-11-10T00:00:00,-,387,848210,"Ball or roller bearings, and parts thereof:, Ball bearings:",,32726061,HLCUBO12509BDMJ7,0,0,,-,Z To Order and NA,,,-,Charleston,JNPT,"AUTOMOTIVE PARTSANGULAR CONTACT BALL BEARINGC,YLINDRICAL ROLLER BEARINGTAPERED ROLLER BEARI,NGHSN CODE : / / INVOIC,E NO. - SI INVOICE DATE - / /,SB NO. DATE : . . NET WT : .,KGS",,2,Not Available,Schaeffler India Ltd,"Survey No. 950 Rayakottah Road, Krishnagiri District",,,2,PKG,0.0,PKG,,0,SPIL KARTIKA,25153195253126576,page_li5,https://app.volza.com/workspace/search/24846649#Shipments,"Charleston, SC"
,DSVFAMD8095262,,Schaeffler Group USA Inc,3900 S Range Line Road,United States,,TRHU4946778,0,United States,India,2025-11-10T00:00:00,-,2663,848210,"Ball or roller bearings, and parts thereof:, Ball bearings:",,32773819,HLCUBO12509BDQD3,0,0,,-,Z To Order and NA,,,-,Charleston,JNPT,"AUTOMOTIVE PARTSDEEP GROOVE BALL BEARINGCYLIN,DRICAL ROLLER BEARINGSPHERICAL ROLLER BEARING,HSN CODE : / / INVOICE,NO. - SI INVOICE DATE - / / S,B NO. DATE : . . NET WT : .,KGS",,14,Not Available,Schaeffler India Ltd,"Survey No. 950 Rayakottah Road, Krishnagiri District",,,14,PKG,0.0,PKG,,0,SPIL KARTIKA,25153195253125087,page_li5,https://app.volza.com/workspace/search/24846649#Shipments,"Charleston, SC"
,CHSL528260639BOM,,Z To Order and NA,-,Canada,,"FANU1727454,GCXU5140420,HLBU3138528,MTSU9668140",0,United States,India,2025-11-10T00:00:00,-,110870,730630,"Other tubes, pipes and hollow profiles (for example, open seamed or welded, riveted or similarly closed), of iron or steel:, welded, of circular cross section, of iron or nonalloy steel:",,"1-20,1-24,1-25",HLCUBO12509AULB0,0,0,,-,Z To Order and NA,,,-,New York Newark Area Newark New Jersey,Mundra,GI PIPES,,93,Not Available,Z To Order and NA,-,,,93,PKG,0.0,PKG,,0,TOLTEN,25153195253137764,page_li5,https://app.volza.com/workspace/search/24846649#Shipments,"New York, NY"
